Aballa_male = { Aballe Aballa }
Abdtanit_male = { Abdtanit Abdanita Addanéda }
Abrelda_male = { Abrelda Afrella Abrella }
Abuk_male = { Abuk }
Achan_male = { Achan }
Achieng_male = { Achieng }
Achol_male = { Achol }
Achor_male = { Achor }
Adalasia_male = { Adalasia Dalassa }
Adama_male = { Adhama Adama }
Addiena_male = { Addiena }
Ade_male = { Ade Adhe }
Adela_male = { Adelia Adelah Dela Adele Adela Adèla Adèle }
Adelaide_male = { Adelaide Adalaïda Adelais Adelaida Adelheid }
Adelinde_male = { Adelindis Adelinde }
Adia_male = { Adia }
Adiega_male = { Agege Adiega }
Adina_male = { Adena Adina }
Adiobogiona_male = { Adiobogiona }
Admata_male = { Admata }
Adnama_male = { Adnama }
Adosinda_male = { Adosinda Dos?da }
Adriana_male = { Adreana Hadriana Adriane Adriana Dréana }
Aduei_male = { Aduei }
Adut_male = { Adut }
Aelia_male = { Ailia Èlla Aelia Ella Eza Helie Ièa Iella }
Aelwyd_male = { Élòéte Aelwyd Íloíde }
Aeronwen_male = { Aeronwen Éronoíne Érònòéne }
Aeronwy_male = { Éroníe Érònie Aeronwy }
Aeta_male = { Aeta }
Afiya_male = { Afiya }
Agatha_male = { Agathe Agafya Agata Agatha Ágata Agafi Agáta }
Aglaia_male = { Aglaia }
Agnes_male = { Inês Ágnes Aignes Agnès Annest Agne Ainès Uunis Áine Agnese Agnes Agnez Oanez Nesta Auni Agnieszka Inés Enníe Ines Nest Agnése }
Agnitruedia_male = { Annédulda Annitruda Agnitruedia }
Agrantona_male = { Agrantona Grantonne }
Agrippina_male = { Agrippina Grébbéna Agreppina Agripina Agrepina }
Agutu_male = { Agutu }
Ahinoam_male = { Ahinoam Achinoam }
Aia_male = { Aia Éhe }
Ailleann_male = { Ailleann Èléane Elíene }
Aisha_male = { Aisha }
Aissa_male = { Aissa }
Aiu_male = { Aia Aiu }
Ajugi_male = { Ajugi }
Akakia_male = { Akakia }
Akech_male = { Akech }
Akello_male = { Akello }
Aker_male = { Aker }
Akila_male = { Akila }
Akina_male = { Akina }
Akinyi_male = { Akinyi }
Akoth_male = { Akoth }
Akua_male = { Akua }
Akumu_male = { Akumu }
Alaberta_male = { Alaberta Laberda }
Alba_male = { Albe Alba }
Albina_male = { Albéna Albina }
Aldonza_male = { Eldonza Aldonza Aldontza Aldonça }
Alduara_male = { Alda Aldara Elduara Ilduara Alduara }
Alearde_male = { Alearda Alearde }
Aleela_male = { Aleela }
Alek_male = { Alek }
Alexandra_male = { Alecuandra Alexandra Allepsandra Aiéushandra }
Alfhild_male = { Alfhildr Alfhild }
Alfridh_male = { Alfrið Alfridh }
Alice_male = { Alaïs Alijse Aliç Alése Alisia Alisce Alys Alicia Alix Alice Allust Alitz Alais Alis Elíe }
Aliyah_male = { Aliyah Aliya }
Almodis_male = { Almodis Adalmode Adalmodis Almòdis }
Alodia_male = { Alodia Alodie }
Alon_male = { Alon Alona }
Aluel_male = { Aluel }
Aluk_male = { Aluk }
Amadea_male = { Amadea }
Amal_male = { Amal }
Amalaberga_male = { Amalaberga Amalberga Marberya }
Amana_male = { Amana }
Amanda_male = { Amanda }
Amanika_male = { Amanika }
Amatashtart_male = { Amatashtart Madasta Amatasta }
Amelia_male = { Amelia Amelie Amália Amalie Amalia }
Amer_male = { Amer }
Amestris_male = { Amestris }
Amina_male = { Amina Aminah }
Aminata_male = { Aminatu Aminata }
Amir_male = { Amir Amira }
Amira_male = { Méra Amira }
Amirasoia_male = { Mérassa Amirasia Amirasoia }
Amiri_male = { Amiri }
Amm_male = { Amm }
Ammangadevi_male = { Ammangadevi Ammankâtêvi }
Amytis_male = { Amytis }
Anastasia_male = { Anastasia Anastazja Anastasi }
Anatolia_male = { Anatolia }
Andaiye_male = { Andaiye }
Andala_male = { Andale Andala }
Andrea_male = { Andrea Andreja }
Andregoto_male = { Andregoto }
Angalia_male = { Angalia }
Angela_male = { Angela }
Angelica_male = { Anzheca Angeliga Andzhelleca Angelica Aggeléya }
Anna_male = { Annes Enníe Annick Hannah Annamma Anne Iana Anna Annése Ana }
Annest_male = { Ennesde Annèste Annest }
Annwyl_male = { Anvile Annwyl Anuíle }
Anowed_male = { Anowed Eníde Anéte }
Antiochis_male = { Antiochis Antiokhis }
Antonia_male = { Antuonja Antuia Antoña Antoniya Antunja Antonia Ãdonéa Antoinette Antoñe Antonie }
Antonilla_male = { Antonilla }
Antonina_male = { Antoñena Antuiena Antonina Antuñina }
Anyango_male = { Anyango }
Anzaza_male = { Anzaza }
Aol_male = { Aol }
Apama_male = { Apama }
Apollodora_male = { Aporodora Apurudura Apollodora }
Aquilia_male = { Acilla Aquilia Acea Acella Aciella Géza }
Arara_male = { Arara }
Arddyn_male = { Argíne Arddyn Argéne }
Argentina_male = { Arziantina Argentina }
Arghavan_male = { Arghavan }
Ari_male = { Aris Ari }
Arian_male = { Arian Aréane Eríene }
Arntlei_male = { Arntlei }
Arria_male = { Arria }
Arsenda_male = { Arsenda Arsindis Arsinde }
Artazostre_male = { Artazostre }
Artemidora_male = { Artemidora }
Artemis_male = { Artemis }
Artemisia_male = { Arshemesa Artemisia Archemesa }
Artystone_male = { Artystone }
Arusi_male = { Arusi }
Arziki_male = { Arziki }
Asabana_male = { Asabana }
Asabe_male = { Asabe }
Asha_male = { Asha }
Ashura_male = { Ashura }
Asmau_male = { Asmau }
Asta_male = { Åsta Asta }
Astragundia_male = { Astragundia Stalyudéa }
Astrid_male = { Estrid Astrid }
Asya_male = { Asya }
Ataklumo_male = { Ataklumo }
Atebodua_male = { Atebodua }
Ateduna_male = { Ateduna }
Ategenta_male = { Ategenta }
Ategnata_male = { Ategnata }
Athenodora_male = { Athenodora }
Athtart_male = { Astarte Athtart Starde }
Atiena_male = { Atiena }
Atieno_male = { Atieno }
Atika_male = { Atikah Atika }
Atossa_male = { Atossa }
Attu_male = { Attu Atta }
Atuia_male = { Atuia }
Auctiona_male = { Otionne Auctiona }
Audofleda_male = { Doreda Udofreda Audofleda }
Audovera_male = { Udobera Audovera Dobera }
Augusta_male = { Yusta Ugusta Awgusta Augusta }
Augustina_male = { Yusténa Ugustina Aguastina Augustina }
Auma_male = { Auma }
Aurelia_male = { Efyrddyl Efrddyl Urella Aurelia Orea Aurella Reza }
Aurengarde_male = { Aurengardis Aurengarde }
Auta_male = { Auta }
Avelina_male = { Aveline Avelina }
Awdinh_male = { Awdinh }
Awilli_male = { Awilli }
Awino_male = { Awino }
Ayah_male = { Ayah }
Ayana_male = { Ayana }
Ayen_male = { Ayen }
Ayoo_male = { Ayoo }
Ayubu_male = { Ayubu }
Aziza_male = { Aziza }
Baalat_male = { Baalat Baladda Balatta }
Baba_male = { Baba }
Bado_male = { Bado }
Bagwariya_male = { Bagwariya }
Bahati_male = { Bahati }
Bakari_male = { Bakari }
Bakhita_male = { Bakhita }
Bakwa_male = { Bakwa }
Balaraba_male = { Balaraba }
Banafsheh_male = { Banafsheh }
Baraka_male = { Baraka }
Barika_male = { Barika }
Barsine_male = { Barsine }
Basilia_male = { Bashella Basilla Bashea Basilia Baséza }
Basilike_male = { Basilike }
Batatume_male = { Batatume }
Bateia_male = { Bateia }
Batelis_male = { Batelis }
Bathsheba_male = { Bathsheba Batsheva }
Batnoam_male = { Bannoma Batnoma Batnoam }
Bavana_male = { Bavana }
Bayinika_male = { Bayinika }
Beatrice_male = { Brethoc Bearréy Beatrix Beatrijs Béatrice Béatrix Beatrike Beatriz Bethoc Beatritz Brites Beatrigz Beatris Beatrice }
Beatrix_male = { Biatri Biatre Beatrix }
Bella_male = { Biala Bella }
Belona_male = { Belona Bellone }
Benedicta_male = { Beñedepta Benedédda Benedetta Benedikte Benedicta Benoîte Beiedéuta Beneditta Beneoite }
Benigna_male = { Benigna }
Ber_male = { Ber }
Berengaria_male = { Berengaria Berengare }
Berenike_male = { Berenike }
Beretrude_male = { Beredulda Beretruda Beretrude }
Bertha_male = { Berthildis Bertha Berta Berthe }
Bi_male = { Bi }
Bianca_male = { Blanca Bianca }
Binhdo_male = { Bindo Binhdo }
Bis_male = { Bis }
Bitnima_male = { Bitnima Bénnéma }
Bitoria_male = { Bédoréa Bitoria }
Blanca_male = { Blanche Blanca }
Blanche_male = { Blanche Blanca Bianca }
Blava_male = { Blavia Blava }
Blodwen_male = { Blodhoíne Bleuzenn Blodwen Blòdòéne }
Bona_male = { Bona Bonne }
Bonne_male = { Bona Buni Bonne Bòna }
Bor_male = { Bor }
Bothild_male = { Bothildr Bothild }
Brigasta_male = { Brigasta Briaste }
Brigid_male = { Berc'hed Brigida Bregida Birgitta Brígida Bride Brigid }
Brigit_male = { Ffraid Bride Brigit }
Brogimara_male = { Brogimara Bruzhemiara Brodzhemara }
Bronwen_male = { Brònòéne Bronoíne Bronuen Bronwen }
Brunhild_male = { Brunildi Brunhild }
Brunhilda_male = { Brunilde Brunérra Brunhilda Brunhilde Brunidda }
Budhya_male = { Budhya }
Buk_male = { Buk }
Bul_male = { Bul }
Burgundy_male = { Burgundy Bourguigne Bourgogne }
Busara_male = { Busara }
Bustan_male = { Bustan }
Caecilia_male = { Cièciella Caecilia Chèchella Shèshea }
Caesaris_male = { Caesaris Chèsari Cièsari Shèsari }
Cagintria_male = { Cagintria Ceindrych }
Camilla_male = { Camilla Gemílle Kamila Camille Kamilla }
Camma_male = { Kamma Camma }
Candala_male = { Candala }
Candida_male = { Gãdéda Candieda Candeda Candida }
Cassia_male = { Casha Gíe Chasha Casie Cassia Gasséa }
Catherine_male = { Ekaterina Caterucia Katharina Kathrijne Caitrion Katrine Caterina Aikatherine Katarzyna Karin Ecatarina Cathèrine Katalin Katell Kaarina Katarina Catríona Yekatri Catriona Yekaterina Catrin Ketevan Kasrin Catharina Katrien Katerina Catherine Catriana Caitilín Catarina }
Catomara_male = { Catomara Catumiara Katomara }
Cecilia_male = { Cicely Cécile Caecilia Cecilia Aziliz Cecilie Cecily }
Cederina_male = { Gederéna Cederina }
Ceinwyn_male = { Genoíne Ceinwyn Ciènòéne }
Cemeia_male = { Cemeia }
Cenosinda_male = { Genos?da Cenosinda }
Cercenia_male = { Kerkenia Cercenia }
Ceridwen_male = { Ceridwen Géreuíne Cièrévéne }
Cerie_male = { Ciérie Cerie Gíríe }
Cerys_male = { Cerys Ciérése Gíríe }
Chagina_male = { Chagina }
Chan_male = { Chan }
Chanin_male = { Hanina Chanin }
Chanua_male = { Chanua }
Charito_male = { Charito }
Charlotte_male = { Charlotte Carlotta Carlotte }
Chaski_male = { Chaski }
Chat_male = { Chat }
Chausiku_male = { Chausiku }
Chayuta_male = { Chiyuta Chayuta Hayuta }
Chidi_male = { Chidi }
Chiku_male = { Chiku }
Chinira_male = { Chinira }
Chiomara_male = { Khiomara Chiomara }
Chriki_male = { Chriki }
Christiana_male = { Christiana }
Christina_male = { Kristyna Kristen Grésténa Christina Creschena Krisztina Cristina Crístina Krystyna Kristiina Cristin Creshena Christine Kristina }
Christine_male = { Christine Kristina }
Chrysippe_male = { Khrysippe Chrysippe }
Cicely_male = { Cièciélie Cicely Gegilíe }
Cinta_male = { Cinta }
Citata_male = { Citata }
Clara_male = { Clara Llear Klara Klára }
Clarisant_male = { Llarésante Lleríande Clarisant }
Claudia_male = { Coza Gwladys Crudia Claugia Claudia Klaudia Grudéa Llaudie Claudie Llodhíe Ciaudza }
Clementia_male = { Clemència Clementia Cllementsa Klementia Cemensa Clemianta Clemencia Clemenza Clemence }
Clementine_male = { Clementine Clementina }
Cloelia_male = { Cloelia Llòélie Lloilíe }
Clotilde_male = { Cothilda Clotilde Cloutilda }
Coma_male = { Coma }
Constance_male = { Konstancie Constança Constància Caunstantina Konstancja Konstancia Constanza Constance Konstansja Konstanze Konstanza }
Constantia_male = { Constantia Cunstancia Gostãdéa Cunschansa Constance Costantia Constantsa Konstantia }
Constantina_male = { Konstantina Constantsena Cunstantina Cunschansena Konstantine Constantina }
Cornelia_male = { Còrnèlie Curea Cornelia Cornelíe Gonneza Corñella Cornella Curñella }
Cosima_male = { Cushema Coshema Goséma Cosima }
Cotu_male = { Cota Cotu }
Cotula_male = { Cotula }
Counerta_male = { Counerta }
Couruna_male = { Couruna }
Creirwy_male = { Creirwy }
Crispina_male = { Crespine Crespena Crispina Crespina Gréspéna }
Curena_male = { Curena }
Cyrilla_male = { Cyrilla Kyrilla }
Cælia_male = { Gelíe Cælia Cièlie }
Dafina_male = { Dafina }
Dalia_male = { Dalia }
Dalila_male = { Dalila }
Damantia_male = { Daimance Damantia }
Damaspia_male = { Damaspia Damiaspia }
Daniyah_male = { Daniyah }
Danuwa_male = { Danuwa }
Darbosa_male = { Darbosa }
Darya_male = { Darya }
Dasto_male = { Dasto }
Daura_male = { Daura }
Daurama_male = { Daurama }
Deborah_male = { Deborah Devorah Dvorah }
Decima_male = { Decima Dèciéme Gegíme }
Deiotara_male = { Deiotara }
Deirdre_male = { Deirdre }
Delyth_male = { Délode Díloe Delyth }
Denise_male = { Deneza Denis Denise Dènise Deníe }
Derilla_male = { Durilia Derilla }
Dervorgilla_male = { Dervorgilla }
Deura_male = { Deura Deusa }
Devorguilla_male = { Devorguilla Der-bForgaill }
Dhamiria_male = { Dhamiria }
Dharma_male = { Tarma Dharma }
Dian_male = { Gíene Dian Giéane }
Diana_male = { Déana Diana Zhana }
Dihya_male = { Daméa Déa Damia Dihya Dihia }
Dikla_male = { Diklah Diklit Dikla }
Dikwa_male = { Dikwa }
Dinka_male = { Dinka }
Diodora_male = { Diodora }
Dionysia_male = { Dionise Dionysia }
Diotara_male = { Zhuchara Zhotara Diotara }
Domina_male = { Domina Doména Domna }
Dominia_male = { Dominia Domneio }
Dominica_male = { Domienca Domeñeca Dumeñeca Dominica Dumeieca }
Domitia_male = { Domige Dòmizie Domitia }
Domitiana_male = { Domechana Domitiana Dumeshana Dumetiana }
Domitilla_male = { Domitilla Domigílle Dòmézille }
Domna_male = { Dúna Domna }
Domnina_male = { Domnina Domnena Dúnena Domena }
Dongkar_male = { Dongkar }
Dorothy_male = { Dorothy Dorothea Doroteia Doroteja Dorottya Dorota }
Douce_male = { Dous Dulce Dulcis Douce Dolça Dolz }
Dragana_male = { Dragana Draguana }
Drusilla_male = { Ruséza Drusilla Drushera Drusiella Drousilla }
Dubna_male = { Dubna }
Dughdho-Va_male = { Dughdho-Va }
Dwynwen_male = { Dwynwen Donòéne Donoín }
Edith_male = { Edith Ealdgyth Edit Eadgyth }
Elain_male = { Elain Ílene }
Elaine_male = { Elaine Elena Élène }
Elea_male = { Elea }
Eleanor_male = { Elionor Zanora Eleonorka Ellinor Èlénore Eilionora Azenor Alienòr Eleonora Ellanora Elínore Eleanor Aenor Leonor Aliénor Alienora Elinor Ellijnore Éléonore }
Elen_male = { Elíne Elen Èléne }
Elewa_male = { Elewa }
Eligia_male = { Eligia }
Elimisha_male = { Elimisha }
Elinion_male = { Elíníone Èlénéone Elinion }
Eliomara_male = { Eliomara }
Elisabeth_male = { Elisabete Elo Ysabelle Elspeth Elesbed Isabel Isabèla Erzsébet Elisabeth Elisaveta Elisabeta Elizabeta Elizabetha Isabella Eisabèu Elisabèta Elizabeth Yelizaveti Elisabet Elisabetta Eliza Yelizaveta Isabelle Lise Ispella Elisa Elzbieta Isabèu Lisebet Elise }
Elissa_male = { Elissa Léssa }
Elizabeth_male = { Isabelle Elisheva Elisaued Elizabeth Uusbail Elisabeth Ysbail Ilizabith Isabeau Izabel Elisabetta Elisabet Eloisa Aaleyaamma Isabel Lésabedda Zabel }
Ellyn_male = { Elíne Ellyn Èline }
Eloise_male = { Héloise Heloise Eloise Eliz }
Elpis_male = { Elpis }
Elvima_male = { Elvima }
Elvira_male = { Elvira }
Elvissa_male = { Elvissa }
Emily_male = { Emili Emilie Emily Emilija Emiliya Emilia Amilja }
Emma_male = { Emma Aïna }
Emsire_male = { Emsire }
Endelea_male = { Endelea }
Enid_male = { Ènide Enid Eníe }
Epiphania_male = { Epiphania }
Epona_male = { Epona Epone Epuna }
Eredat-Fedhri_male = { Eredat-Fedhri }
Ermenberga_male = { Ermenberga }
Ermengarde_male = { Ermingarde Ermengarde Irmgard Ermengard Ermengardis Ermengarda Irmingardis }
Ermensinda_male = { Ermosinda Ermensinda }
Ermentrude_male = { Ermedrudia Ermentrude }
Ermesinda_male = { Ermesinda Emmes?da Ermesenda Ermessinde Ermenisinda Ermessenda Ermessentz Hermessent }
Esclarmunda_male = { Esclaramunda Esclarmonde Clarmonda Esclarmonda Esclarmunda }
Eshe_male = { Eshe }
Esther_male = { Esther }
Eudocia_male = { Eudokia Yevdokia Yevdoki Eudocia }
Eudokia_male = { Eudocia Eudokia }
Eudoxia_male = { Eudoxia Eudosia }
Eugenia_male = { Eugenia Uuena Euginia Owena }
Eugenie_male = { Eugenia Eugenie }
Eulalia_male = { Eulalia }
Euphemia_male = { Affraic Euphemia Yefimi Eufemia Aufrica Yefimia Eufemie Euthemia }
Euphrasia_male = { Effros Euphrasia }
Euphronia_male = { Euphronia }
Euphrosyne_male = { Eufroysina Yefrosinia Yefrosi Euphrosine Eufrosina Euphrosyne }
Eusebia_male = { Eusebia }
Eustacia_male = { Eustathia Eustacie Eustacia }
Eustathia_male = { Eustathia }
Eva_male = { Eve Eva Efa Éua Eua Éva Eba Ava }
Eve_male = { Eve Efa Éfe Hawwa Chava Ífe }
Exapia_male = { Exapia }
Eya_male = { Eya }
Fabia_male = { Fabia Phabia }
Fabiana_male = { Fabiana Fabiene Fabéane }
Faidah_male = { Faidah }
Faiqah_male = { Faiqah }
Faiza_male = { Faizah Faiza }
Fanaka_male = { Fanaka }
Faraa_male = { Faraa }
Faraji_male = { Faraji }
Farih_male = { Farih }
Farijika_male = { Farijika }
Fasti_male = { Fasti }
Fatima_male = { Fatma Fatima Fatimah Fatuma }
Fausta_male = { Husta Fosta Fusta Fausta }
Faustina_male = { Fausciéne Fauschena Foshena Faustina Fogíne }
Felicia_male = { Felicia }
Felicula_male = { Fellecura Felicula Heléyula Feiecura Feligula Pheliqula }
Fikira_male = { Fikira }
Finnguala_male = { Finnguala Fenella Fingola }
Flacilla_male = { Fragilla Flachera Flacilla Flashera Flaciella Ragéza }
Flavia_male = { Flauie Floia Phlavia Flavia Floíe Flauia }
Flora_male = { Flor Floarea Flòra Fflur Flora Fiaura }
Fortunata_male = { Furtunata Fortunata Furtuñata Horrunada Fortunete }
Francesca_male = { Francesca Francesa }
Franghad_male = { Franghad }
Fredegunda_male = { Fredegunda Redeyuda }
Fredenanda_male = { Redenãda Fredenanda }
Frederique_male = { Friedrica Frederikke Frederique }
Freja_male = { Freyja Freja }
Frenay_male = { Frenay }
Fronilde_male = { Fruilhe Fronilde Fronilda }
Frontina_male = { Fronchena Fruntina Frontina Frunshena }
Fulvia_male = { Fulvia Foluíe Folvie }
Funa_male = { Funa }
Furayja_male = { Furaha Furayja }
Furuzan_male = { Furuzan }
Gabriella_male = { Yabréza Gabriella }
Gaguwe_male = { Gaguwe }
Gaia_male = { Gaie Zha Dzha Gaia Gaye }
Gaiana_male = { Gaiana }
Galeria_male = { Galleria Gaera Yaleréa Galeria Gallerie }
Galla_male = { Galla }
Gamata_male = { Gamata }
Genovefa_male = { Genovefa Genoveve }
Georgia_male = { Georgia Györgyi Zhurzha Dzhordzha Yorya }
Gerberga_male = { Gerbèrga Gerberga Gerberge }
Gerda_male = { Gerda }
Germana_male = { Germene Gièrmane Germana }
Gertrude_male = { Gertrude Gheertrude Gjertrud Gertruda }
Gerturde_male = { Gertruda Gerturde }
Gesataea_male = { Gesataea Zheshatèa Dzhesatèa }
Gesataia_male = { Gesataia Gestée }
Ghamze_male = { Ghamze }
Ghoncheh_male = { Ghoncheh Xonçe }
Gimbya_male = { Gimbya }
Gino_male = { Gino }
Gir_male = { Gir }
Gisclauara_male = { Yéshlura Gisclauara Gisclura }
Gisela_male = { Giselle Guisla Gisele Gisla Gisèle Gizella Gisela }
Gizirgizir_male = { Gizirgizir }
Glaucia_male = { Glaucia Llogíe Llaucie }
Glynys_male = { Llinés Glynys Lliní }
Golbahar_male = { Golbahar Gulbehar }
Golnaz_male = { Golnaz Gulnaz }
Golshan_male = { Golshan }
Goma_male = { Goma }
Gomesinda_male = { Yomes?da Gomesinda }
Gorandukht_male = { Gorandoukht Guranduht Gorandukht }
Gordiana_male = { Gorzhana Gordiana Yordéana Gurdiana Gurzhana }
Gormflaith_male = { Gormflaith Gormlaith Gormelia }
Gosgod_male = { Gosgod }
Gotina_male = { Gotina Gontinha Gonçinha }
Gotruda_male = { Gotruda Gonterote }
Gratia_male = { Gratsa Gratia Grasa }
Gratiana_male = { Gregéana Gratiana }
Gratianus_male = { Gratianus Grazéane }
Gratzia_male = { Gratzia Gradzéa }
Gregoria_male = { Gregoria }
Gudrun_male = { Guntroda Gudrun Guðrun }
Guillaumette_male = { Gulielmina Guillaumette Willaumete }
Guinevere_male = { Vénofare Guínofere Guinevere }
Guisiana_male = { Guisiana Yuéssana }
Gulçiçek_male = { Gulçiçek Gulçiçäk Gulçeçek }
Gunhild_male = { Winidilda Gunhild Gunhilda Gunnhildr Gunnhild }
Guraya_male = { Guraya Gurea Yurea }
Gwen_male = { Uen Gwen Gwenn Véne Guíne }
Gwenda_male = { Gwenda Vénde Guéndhe }
Gwenhwyfar_male = { Vénofare Guínofere Gwenhwyfar }
Gwenillian_male = { Gwenillian Guenéllíene Vènélléane }
Gwenwyn_male = { Vènòéne Guenoíne Gwenwyn }
Gwerfyl_male = { Vèrfélle Guerfílle Gwerfyl }
Gwladys_male = { Goladés Gwladys Gladez }
Gwyladis_male = { Goledhé Gwyladis }
Gyda_male = { Gyda Gytha }
Gytha_male = { Gyða Gyda Gytha }
Habiba_male = { Habiba }
Habibah_male = { Habibah }
Hadejia_male = { Hadejia }
Hadiya_male = { Hadiya }
Hadriana_male = { Adriana Hadriana Adrana }
Hadurah_male = { Hadurah }
Hafsa_male = { Hafsa Hafsah }
Halima_male = { Halimah Halima }
Halina_male = { Halina }
Halisi_male = { Halisi }
Hamam_male = { Hamam }
Hamata_male = { Hamata }
Hamida_male = { Hamidah Hamida }
Hanah_male = { Hanah Chanah }
Hanna_male = { Hanna }
Hannah_male = { Channah Hannah Anna }
Haoniyao_male = { Haoniyao }
Hasana_male = { Hasana }
Hasanati_male = { Hasanati }
Hasina_male = { Hasina }
Hasna_male = { Hasna Hassana }
Hasti_male = { Hasti }
Hawa_male = { Hawa }
Hawise_male = { Hawise Hawys Hawiz }
Hazika_male = { Hazika }
Hedwig_male = { Hedwig }
Heledd_male = { Èléde Elíe Heledd }
Helen_male = { Olena Helene Lena Liekko Helen Elen Elena Hellene Helena Elene Oleni Ilona }
Helena_male = { Ellena Eiena Helena }
Helga_male = { Helga }
Helvia_male = { Èlvia Eluia Helvia }
Helvis_male = { Helvis }
Herennia_male = { Herennia }
Hersilia_male = { Essyllt Hersilia }
Heshima_male = { Heshima }
Heulwen_male = { Oloíne Heulwen Olòéne }
Hilara_male = { Erara Hilara Elara }
Hilaria_male = { Hilaria Eleri }
Hilda_male = { Elida Hilda }
Hildegard_male = { Hildegard Hildegarde Ildégarde Hildegardis }
Himaya_male = { Himaya }
Hina_male = { Hina China }
Hinda_male = { Hinda }
Hippolyta_male = { Epolleta Epuieta Ippolita Ébboléda Hippolyta }
Hodari_male = { Hodari }
Hodierne_male = { Hodierna Hodierne }
Honoria_male = { Noréa Unoria Unura Honoria Honorie Onoria }
Honosinda_male = { Honosinda Onosinda Nos?da }
Hope_male = { Hope Elpis }
Hortensia_male = { Ordessa Orchensha Hortensia Hortensie Ortessia Urshensha Urtiensia }
Huchithra_male = { Huchithra }
Humaya_male = { Humaya }
Huseina_male = { Huseina Hussaina }
Hutaosa_male = { Hutaosa }
Hvaredhay_male = { Hvaredhay }
Hvovi_male = { Hvovi }
Hywella_male = { Òélle Oílle Hywella }
Iantulla_male = { Iantulla }
Iantumara_male = { Iantumara }
Ida_male = { Ida Ide }
Ija_male = { Ija }
Ijaba_male = { Ijaba }
Ilud_male = { Ilud Íloe Élode }
Iman_male = { Iman }
Imani_male = { Imani }
Imara_male = { Imara }
Imarisha_male = { Imarisha }
Imashtart_male = { Mastarde Imastarte Imashtart }
Ina_male = { Ina }
Inga_male = { Inga }
Inge_male = { Inga Inge }
Ingeborg_male = { Ingeborg Ingebjørg Ingibjörg }
Ingegerd_male = { Ingjerðr Ingegerd Ingjerd }
Ingitrude_male = { Ingitruda Ingitrude Éggedulda }
Ingrid_male = { Ingrid }
Innagari_male = { Innagari }
Ioanna_male = { Ioanna Ioaña Iuaia }
Iomara_male = { Yomarre Iomara }
Irene_male = { Irén Eirene Irene Irina }
Isabel_male = { Iebelle Isabèlle Isabel }
Isabella_male = { Isabella Sabeza Isabel }
Isaura_male = { Isaura }
Iseult_male = { Iseult Ésolte Íolde }
Isidora_male = { Isidora }
Issa_male = { Issa }
Ituca_male = { Ituca }
Iulia_male = { Giulie Iulia Giulíe Iulla Iuia }
Iuliana_male = { Iullana Iuliana Iuiana }
Iunia_male = { Iuña Iunia Iuia }
Iusta_male = { Iusta }
Iustina_male = { Iuschena Iushena Iustina }
Iustiniana_male = { Iuscheñana Iusheiana Iustiniana }
Jael_male = { Jael Yael }
Jagkrut_male = { Jagkrut }
Jaha_male = { Jaha }
Jahaira_male = { Jahaira }
Jala_male = { Jala }
Jalila_male = { Jalila }
Jama_male = { Jama Jamaa }
Jamani_male = { Jamani }
Jamata_male = { Jamata }
Jamila_male = { Jamila Jamilah }
Jamne_male = { Jamne }
Jehlani_male = { Jehlani }
Jela_male = { Jela }
Jemima_male = { Yemima Jemima }
Jina_male = { Jina }
Joan_male = { Iohanna Jeanne Johanna Joana Sioned Séane Janed Gíene Iannia Gioanna Jehanne Jiona Shona Joan Siân Youenna Ioanna Joanna Hoanna Siunod }
Jochebed_male = { Yocheved Jochebed }
Jonah_male = { Yonit Yonina Jonah }
Jordan_male = { Jordan Yarden Yardena }
Jubal_male = { Yuval Jubal }
Judith_male = { Judyta Yehudit Judita Judith Judit }
Julia_male = { Iulia Ioulia Giulla Iulla Yuhliya Julie Huza Julia }
Juliana_male = { Julienne Iulia Júlia Iuliana Iullana Juliana Giulia Iouliana Julia }
Juliet_male = { Juliet Ioulitta }
Julisha_male = { Julisha }
Jummai_male = { Jummai }
Junia_male = { Iuñe Junia }
Justa_male = { Iusta Justa }
Justina_male = { Justina Ioustina Iustina }
Justine_male = { Justine Iustina }
Justiniana_male = { Justiniana Iustieñana }
Kadiga_male = { Kadiga }
Kaka_male = { Kaka }
Kakaw_male = { Kakaw }
Kalere_male = { Kalere }
Kaltum_male = { Kaltum }
Kaluwa_male = { Kaluwa }
Kamara_male = { Kamara }
Kamaria_male = { Kamaria }
Kanene_male = { Kanene }
Kanisa_male = { Kanisa }
Kanuka_male = { Kanuka }
Karama_male = { Karama }
Karima_male = { Karima }
Kesi_male = { Kesi }
Khadija_male = { Khadija }
Khadijah_male = { Khadijah }
Khalila_male = { Khalila }
Khamees_male = { Khamees }
Khamisa_male = { Khamisa }
Kiara_male = { Kiara }
Kibibi_male = { Kibibi }
Kichea_male = { Kichea }
Kijakazi_male = { Kijakazi }
Kili_male = { Kili }
Kilinda_male = { Kilinda }
Kimzir_male = { Kimzir }
Kinaya_male = { Kinaya }
Kinjia_male = { Kinjia }
Kito_male = { Kito }
Klara_male = { Klara }
Koffi_male = { Koffi }
Kofi_male = { Kofi }
Kottoneis_male = { Kottoneis }
Koul_male = { Koul }
Kubra_male = { Kubra }
Kubuy_male = { Kubuy }
Kudio_male = { Kudio }
Kuende_male = { Kuende }
Kugurg_male = { Kugurg }
Kulk_male = { Kulk }
Kunigunde_male = { Kunigunde Kunigunda }
Kunni_male = { Konnis Kunni }
Kurfuru_male = { Kurfuru }
Kurunashi_male = { Rhonesis Kurunashi }
Kwame_male = { Kwame }
Kwanzaa_male = { Kwanzaa }
Kwashi_male = { Kwashi }
Kyriake_male = { Kyriake Kurake }
Lacua_male = { Lacua }
Ladi_male = { Ladi }
Ladwys_male = { Ledhoíe Ladwys Ladòése }
Lakwena_male = { Lakwena }
Lala_male = { Lalla Lala Lallis Lallia Lalis Laloa }
Lami_male = { Lami }
Lamia_male = { Laméa Lamiya Lamia }
Lanhjin_male = { Lanhjin }
Lantana_male = { Lantana }
Laraba_male = { Laraba }
Larai_male = { Larai }
Larthi_male = { Larthi }
Latifah_male = { Latifah }
Laura_male = { Laura }
Layla_male = { Layla Leila Leyla }
Leah_male = { Leah Le'ah }
Leanor_male = { Líenore Léanore Leanor }
Leila_male = { Layla Leila }
Leontia_male = { Leontia }
Leovigoto_male = { Liuvigoto Leovigoto }
Lethi_male = { Lethi }
Liberia_male = { Liberia }
Licinia_male = { Ieshea Licinia Liginia Llecieñe Llecheña Lénéa }
Lina_male = { Lina }
Lindana_male = { Lindana }
Lindia_male = { Lindia }
Lioba_male = { Lioba Liuba }
Lisha_male = { Lisha }
Litugena_male = { Litugena }
Livia_male = { Levie Lévie Lliuia Llivia Léuíe Libia Livia Lébéa Iuia }
Livilla_male = { Lliuera Llivella Iuera Livilla }
Longina_male = { Longina }
Lopa_male = { Lupaa Lopa Loba }
Louise_male = { Loïsa Loeiza Louise }
Lowry_male = { Lorie Lowry Loríe }
Lubabah_male = { Lubabah }
Lucia_male = { Loukia Lucja Lucie Lugíe Lucia Lugia Lúcia Lucija Luya Lleuca }
Lucilla_male = { Luciélle Lugílle Lushera Lucilla Luchera Luciella }
Lucretia_male = { Lucrèzie Lucretia Lucregíe }
Lunete_male = { Lunètte Lunete }
Lupa_male = { Lupa Loupa }
Luxuria_male = { Luscuria Lushuréa Lúsura Lupsuria Luxuria }
Lydia_male = { Lydia }
Machar_male = { Machar }
Madini_male = { Madini }
Maelrys_male = { Marése Meríe Maelrys }
Mafalda_male = { Mafalda }
Magajiya_male = { Magajiya }
Magaram_male = { Magaram }
Magdalena_male = { Madalena Magdalene Magdalena Magdaena Magda Magdolna Maddalena Matilin Muadalena Magdallena }
Magiona_male = { Magiona }
Magira_male = { Magira }
Magnia_male = { Máuña Magña Magnia Mamñe }
Magnilla_male = { Magñera Mamnella Magnilla Máuñera }
Magya_male = { Magya Magyal }
Magyal_male = { Magyal }
Mah_male = { Mah }
Mahalia_male = { Mahalie Mahalia Mehalia }
Mahaut_male = { Mahaut }
Mahiri_male = { Mahiri }
Mahtab_male = { Mahtab }
Maimuna_male = { Maimuna }
Mair_male = { Mere Mare Mair }
Maj_male = { Maj }
Majda_male = { Majda }
Maji_male = { Maji }
Majida_male = { Majida }
Makka_male = { Makka }
Malika_male = { Malika }
Maliza_male = { Maliza }
Malkia_male = { Malkia }
Malmfrid_male = { Malmfrið Malmfrid }
Malmure_male = { Malmure Maelmurie }
Mandane_male = { Mandane }
Mansure_male = { Mansure Mansurah }
Marca_male = { Marya Marca Marga }
Marceline_male = { Marcellina Marceline }
Marcella_male = { Marchell Marchera Marshera Marcièlle Marcièlla Marcella Margelle }
Marcia_male = { Markia Miarsha Marcha Marcia }
Marciana_male = { Marciana Markiane Marshana Marchana }
Margaret_male = { Margrete Margalita Margrethe Margaretha Maryareda Margaret Margalit Margarait Margarete Margaréta Margarid Marared Margareta Margarida Margrud Máirgred Margherita Margarète Margarita Margred Marguerite Margerede Marc'harit }
MariMâtêvatikal_male = { MariMâtêvatikal Mariamma }
Maria_male = { María Máire Mária Mary Miara Mari Marie Mariam Marija Mair Maria Maréa Maryam }
Mariam_male = { Mariami Miryem Mariyam Mariam }
Mariane_male = { Mariane Maréane }
Maridhia_male = { Maridhia }
Marijani_male = { Marijani }
Marina_male = { Marena Mariena Marina }
Marine_male = { Marina Marine Marinha }
Marini_male = { Marini }
Mariota_male = { Mariota }
Marisa_male = { Marisa Marésa }
Marjani_male = { Marjani }
Marjory_male = { Marjory Marthoc }
Marka_male = { Marka }
Markunda_male = { Margunda Markunda Maryuda }
Martha_male = { Morta Márta Marte Marti Marta Marthe Märta Martita Marfa Martha }
Martina_male = { Martina Marchena Marshena Muertina Marziéne Margíne }
Marwenna_male = { Marwenna Maruenne Marvènne }
Mary_male = { Miriam Mairi Mary Maraja Mariam Maria }
Mascarosa_male = { Mascaròsa Mascarose Mascarosa }
Mashika_male = { Mashika }
Masika_male = { Masika }
Maskini_male = { Maskini }
Mathilda_male = { Magilda Mathilda }
Matilda_male = { Mahthildis Mahaut Mauda Mathilde Mawd Matilde Megéldhe Mautild Maud Mazélde Matilda Matylda Matild }
Matrona_male = { Madru Madrun Matrona Matruna Madolna }
Maulidi_male = { Maulidi }
Maxima_male = { Máusema Maxima Mapsema }
Maximiana_male = { Máusemiana Mapsemiana Maximiana }
Maximina_male = { Maximina }
Maya_male = { Maya }
Mayor_male = { Mayor Maior Mor }
Maysoon_male = { Maysoon }
Mchumba_male = { Mchumba }
Meirona_male = { Meirona Meiriona }
Melanie_male = { Melania Melanie }
Melisende_male = { Melisant Milisendis Melissa Meléande Melisende Mèlésante Mélisende Mélisande Melisènda }
Melissa_male = { Melissa Meiesa Meléssa Mellesa }
Melusine_male = { Melusina Melusine }
Mencia_male = { Mentzia Mencía Mencia Mécia }
Menitta_male = { Menitta }
Menodora_male = { Menodora }
Messalina_male = { Messalina Mesaena Mèssallina Messaléna Mesallena }
Messia_male = { Messia }
Mhina_male = { Mhina }
Michaela_male = { Mikhailia Michaela Michaêliko }
Milima_male = { Milima }
Mina_male = { Mina }
Minervina_male = { Meñèrvina Meruena Minervina Meñeruena }
Minucia_male = { Manucia Menucha Menusha Minucia }
Mkiwa_male = { Mkiwa }
Modesta_male = { Modesta }
Modia_male = { Mogia Modia Muza Modza }
Mogetia_male = { Mogetia }
Mogia_male = { Mogia }
Monica_male = { Moniga Monica Monéya }
Monna_male = { Monna }
Mor_male = { Morag Mor }
Morgan_male = { Morgan Morgane Morgene }
Morgana_male = { Morgan Morgana }
Morganna_male = { Morganez Morganna }
Morgause_male = { Mòrgause Morgause Morgoe }
Mounah_male = { Mounah }
Msia_male = { Msia }
Mtupeni_male = { Mtupeni }
Mubito_male = { Mubito }
Mugo_male = { Mugo }
Mumadona_male = { Mumadona Muñadona }
Munia_male = { Munia Munya Monnia }
Muriel_male = { Muriel }
Murron_male = { Morien Mirren Murron }
Musin_male = { Musin }
Mussa_male = { Mussa }
Mustela_male = { Mustela Mushera Mustiela Muschera }
Mwamini_male = { Mwamini }
Mwanahamisi_male = { Mwanahamisi }
Mwanaidi_male = { Mwanaidi }
Mwanajuma_male = { Mwanajuma }
Mwasaa_male = { Mwasaa }
Mwatabu_male = { Mwatabu }
Myrien_male = { Méríene Myrien Mériéne }
Nabilah_male = { Nabilah }
Nadia_male = { Nadia }
Nadira_male = { Nadira }
Naeem_male = { Naeem }
Naeemah_male = { Naeemah }
Nafisah_male = { Nafisah }
Naimah_male = { Naimah }
Najuma_male = { Najuma }
Nana_male = { Nana }
Nanai_male = { Nanai }
Nantasta_male = { Nantaste Nantasta }
Nantila_male = { Nantile Nantila }
Naomi_male = { Na'omiy Naomi }
Natalia_male = { Natalla Natalia Natália Nachaia }
Natalie_male = { Nadaléa Natalia Natalie Naduala }
Navvaba_male = { Navvaba }
Nazgol_male = { Nazgol Nazgul }
Nazilla_male = { Nazilla }
Nbushe_male = { Nbushe }
Neema_male = { Neema }
Nefyn_male = { Nefyn Nefíne Nèfine }
Nemeta_male = { Nemeta }
Nerva_male = { Nerue Nèrve Nerva }
Neulenna_male = { Neulina Newlyna Neulenna }
Ngid_male = { Ngid }
Ngor_male = { Ngor }
Ngutu_male = { Ngutu }
Nia_male = { Nia }
Nicita_male = { Néda Ñecheta Iesheta Nicita Nigita }
Nicoletta_male = { Nicauleta Nicoletta Cauleta }
Ning_male = { Ning }
Nino_male = { Nenis Nino Nina Nena }
Nivatora_male = { Nibatora Nébadora Nivatora }
Nkosi_male = { Nkosi }
Noah_male = { Noah Noa }
Nonna_male = { Nonna Non }
Norwenna_male = { Noruénne Norwenna Nòrvénne }
Nuna_male = { Nuna }
Nura_male = { Nahara Nura }
Nurisha_male = { Nurisha }
Nuru_male = { Nuru }
Nwylle_male = { Nwylle Noílle Noélle }
Nyabongo_male = { Nyabongo }
Nyah_male = { Nyah }
Nyandeng_male = { Nyandeng }
Nyang_male = { Nyang }
Nyanjango_male = { Nyanjango }
Nyanut_male = { Nyanut }
Nyar-Bor_male = { Nyar-Bor }
Nymphadora_male = { Nymphadora }
Nyota_male = { Nyota }
Obalda_male = { Obalda Huibaude }
Obilia_male = { Obilia }
Ocatavia_male = { Ocatavia Oitauia }
Octavia_male = { Ídoíe Útoia Octavia Optauia Uptavia }
Oda_male = { Oda Aude }
Ogai_male = { Ogai }
Okk_male = { Okk }
Olwen_male = { Olwen Oluíne Uluen Òlvéne }
Olympia_male = { Uiempia Lébbéa Ollempia Olippia Olympia }
Oneka_male = { Oneka Onecca }
Onyesha_male = { Onyesha }
Ophir_male = { Ophir Ofir }
Ophrah_male = { Ofra Ophrah }
Otesha_male = { Otesha }
Otu_male = { Ota Otu }
Owena_male = { Òvéne Ouíne Owena }
Padulesa_male = { Padulesa Badulesa }
Paesanghanu_male = { Paesanghanu }
Palatina_male = { Baladéna Parachena Palatina Parashena }
Palfuria_male = { Palphouria Palfuria }
Palladia_male = { Palladia }
Pameta_male = { Pameta }
Pantia_male = { Pantia Epantia }
Panya_male = { Panya }
Parmys_male = { Parmys }
Parvaneh_male = { Parvana Parvaneh Perwane }
Parvin_male = { Parvin }
Parysatis_male = { Parysatis }
Pasua_male = { Pasua }
Patricia_male = { Patricia Padriga Patrizia Patrikia }
Paula_male = { Paura Bula Pula Pole Puola Pora Paule Paula Paola }
Paulina_male = { Pavlina Pauline Paullena Paullina Paulina Poiena }
Pelagia_male = { Pelagia }
Penda_male = { Penda }
Peregrina_male = { Peregrena Beregréna Peregrina }
Perinne_male = { Perinne }
Pernette_male = { Pernete Pernette }
Petra_male = { Berra Petra }
Petrenella_male = { Bedelneza Petrenella }
Petronella_male = { Petronella Patruñèlla Petruiera Petroñera }
Petronia_male = { Petroña Petruia Pètronie Petroníe Petronia Patroñe }
Petronilla_male = { Peironela Pieternelle Petronilla Péronelle Pernelle Petronila Petronilha Peronelle Peironèla }
Petu_male = { Peta Petu }
Phaedymia_male = { Phaedymia Fèdemia Fièdemia }
Philippa_male = { Filippa Philippa Filipa }
Phyllis_male = { Phyllis }
Pia_male = { Pia }
Pid_male = { Pid }
Pientissima_male = { Pientissima }
Placentia_male = { Plaisance Placentia }
Placidia_male = { Plasheza Placiegia Placidia Pragidia Plaiside Plachedza Brayédéa }
Plaisance_male = { Plaisance Plazentzia }
Plautia_male = { Plosa Plautia Plautsa Plaucia }
Plautilla_male = { Plautilla Prutilla Plauciella Brudéza Plautsera Plosera }
Plotina_male = { Plotina }
Pompeia_male = { Pumpeia Pumpea Pompeia Pompeie }
Poppaea_male = { Puppiea Bobbea Poppaea Poppea Popèa Pupièa }
Poseidonia_male = { Poseidonia }
Pourandokht_male = { Pourandokht Burandoxt }
Pouruchista_male = { Pouruchista }
Praeiecta_male = { Prèiéuta Praeiecta Prèièpta Prèiepta }
Pretiosa_male = { Pretiosa Bredzéosa Pretziosa }
Priscilla_male = { Prisisilla Prígille Priscilla Prisciélle }
Procula_male = { Procula }
Prudence_male = { Prudentia Prudence }
Publia_male = { Publla Publia Pubia }
Pulcheria_male = { Pulshera Pulcheria Burggeréa Purcceria Pulcieria }
Pupa_male = { Pupa Buba }
Quadratilla_male = { Quadratilla Koädratilla }
Rabiah_male = { Rabiah }
Rachel_male = { Rachel Raahelamma Raquel }
Radhiya_male = { Radhiya }
Ragesenda_male = { Ragesenda Arrayes?da }
Ragnfrid_male = { Rögnfrið Ragnfrid }
Ragnhild_male = { Ragnhild Ragnell Rögnhildr }
Rahma_male = { Rahmah Rahma }
Raimonde_male = { Raimonde Regimunda }
Ralla_male = { Ralla Relle Ralle }
Ramla_male = { Ramla }
Ramtha_male = { Ramtha }
Rantha_male = { Rantha }
Raqiq_male = { Raqiq }
Rashida_male = { Rashida Rashidah Rasida Rasheda }
Rate_male = { Arrade Rate }
Raunthu_male = { Raunthu }
Raziya_male = { Raziya }
Rebecca_male = { Rebecca Accamma Riva Rebekka Rivka }
Reciberga_male = { Reciberga Regiberga Arreyéberya }
Redsomara_male = { Redsomara Restumara }
Regina_male = { Rhiainfelt Rioanuuellt Regina }
Rehema_male = { Rehema }
Renata_male = { Renata }
Rhiannon_male = { Rhiannon Rivanon }
Ricarda_male = { Richènda Riccarda Richenda Ricciarda Richara Ricarda }
Ring_male = { Ring }
Rinu_male = { Rinu }
Rioantdrec_male = { Rioantdrec Rhiaindrech }
Risala_male = { Risala }
Rixa_male = { Rixa }
Romana_male = { Romana }
Rosa_male = { Rosa Arrosa Rusa Rózsa }
Rose_male = { Rose Ruosa }
Rossomara_male = { Rossomara }
Roveca_male = { Roveca Rouece }
Rowena_male = { Rowena Rovíne Ròvéne }
Roxana_male = { Roxana Roscana Ropsana Arroshana Rúshana }
Rufilla_male = { Rouphilla Rufilla }
Rukiya_male = { Rukiya }
Ruma_male = { Ruma }
Ruqayyah_male = { Ruqayyah }
Rusticiana_male = { Rustigiana Rusteshana Rustechana Rusticiana Urrustéana Rustieciana }
Ruth_male = { Ruth Reut }
Saada_male = { Saada }
Saba_male = { Saba Sabah Sava }
Sabina_male = { Sabéne Sabena Sabina Sabene Gebíne }
Sadia_male = { Sadia }
Sadmarkar_male = { Sadmarkar Semarkar }
Safi_male = { Safi }
Safika_male = { Safika }
Safiri_male = { Safiri }
Safiyah_male = { Safiyah }
Sakinah_male = { Sakinah }
Salama_male = { Salama Salimah }
Sallustia_male = { Salloscia Sallustia Sarustsa Sarusa }
Salonina_male = { Saruiena Saroñena Salonina Saluñina }
Salvatrix_male = { Salvatrix }
Salvianella_male = { Salvañèlla Saluieara Saluiañera Salvianella }
Sami_male = { Sami Samiya Samiyah Samee Samiyya Sameah Sameea Samya }
Samira_male = { Samirah Samia Samira }
Samma_male = { Samma }
Sanaa_male = { Sanaa }
Sancha_male = { Sancha Sança }
Sandamata_male = { Sandamata }
Sanura_male = { Sanura }
Sara_male = { Sare Sara Here }
Sarabi_male = { Sarabi }
Sarah_male = { Sarit Sara Sarra Saramma Sarah Sára }
Sardinia_male = { Sardinia Sardénéa Sardeña Sardea }
Sarlinna_male = { Harlénne Sarlénne Sarlinna }
Satenik_male = { Satenik }
Satinik_male = { Satinik Satenik }
Satulla_male = { Satulla }
Saturnina_male = { Getorníne Saturnina Satornine }
Sauda_male = { Sauda }
Scantilla_male = { Scantilla Scanshera Scantiella Scanchera }
Scintilla_male = { Escentille Scintilla }
Seianti_male = { Seianti }
Senona_male = { Senona Senonne }
Seraphina_male = { Seraphina }
Seren_male = { Sèréne Seren Heríne }
Serena_male = { Serena Heríne Sherena Serenne Sèréne Sièrena }
Sergia_male = { Sherzha Sergia Sièrgia Sherdzha }
Sethra_male = { Sethra }
Severa_male = { Severa Severre Sheuera Sièvera }
Severina_male = { Severina Sièverina Sheuerena Sèvérine Geuírin }
Sevilay_male = { Sevilay Savilay }
Sevindik_male = { Savintik Sevindik }
Shadia_male = { Shadia }
Shahrzad_male = { Shahrzad }
Shahzadeh_male = { Shahzadeh }
Shakira_male = { Shakira }
Shani_male = { Shani }
Sharifa_male = { Sharifa }
Shata_male = { Shata }
Shauri_male = { Shauri }
Shauriana_male = { Shauriana }
Shawata_male = { Shawata }
Shiphrah_male = { Shiphrah Shifra }
Shirin_male = { Shirin }
Shukriyah_male = { Shukriyah }
Shulammite_male = { Shulammite Shulamith Shulamit Shulammit }
Sibyll_male = { Híbille Sibyll }
Sibylla_male = { Sibyl Sibylla Sibilla Sibylle Sybilla Sybille Sibila Sibel Sibilia Sébille }
Sidonia_male = { Sédonéa Sidonia }
Sigrid_male = { Sigrid }
Sikudhani_male = { Sikudhani }
Silvia_male = { Selvie Sirbia Sérbéa Sheluia Silvia }
Simona_male = { Simone Simona }
Simone_male = { Chimena Simone }
Siseguntia_male = { Siseguntia Séseyudéa }
Siti_male = { Siti }
Siwazuru_male = { Siwazuru }
Smertomara_male = { Smertomara }
Sofia_male = { Sofia Sohvi }
Sollemnia_male = { Sollemnia Solange }
Sophia_male = { Sofie Zsófia Soéa Saufija Zofie Zofia Sofija Sophie Sofia Sophia Sofi }
Spadusa_male = { Spadusa }
Srutat-Fedhri_male = { Srutat-Fedhri }
Stanislava_male = { Stanisleifa Stanislava }
Stateira_male = { Stateira }
Stephania_male = { Stefania Estefânia Stephanie Estefania Stefanie Steanéa Stefana Stéfanie Stéphanie Stephania Estefanía }
Stephanie_male = { Estefenete Stephanie Stephania }
Subira_male = { Subira }
Sukda_male = { Sukda }
Sulpicia_male = { Sulpecia Sulpicia Sulpecha Sulpea }
Sumah_male = { Sumah }
Sumayyah_male = { Sumayyah }
Sumiah_male = { Sumiah }
Susan_male = { Susan Susanna Sosamma }
Susana_male = { Susana Suzana Susanna }
Susanna_male = { Susanne Shoshannah Susaña Sushaia Sousanna Susanna Shoshana }
Sutta_male = { Sutta }
Svanhild_male = { Svanhild Svanhildr }
Svetoslava_male = { Svetosleifa Svetoslava }
Svjetlana_male = { Sviatlana Svjetlana }
Taabu_male = { Taabu }
Tabitha_male = { Tabitta Tabetha Tabatha Tabby Tabitha Tabédda }
Tacita_male = { Tacita Tacéte }
Tacitus_male = { Tacitus Tegíde }
Tadêfi_male = { Tadefia Tadéa Tadêfi }
Tajeddigt_male = { Tagieditta Tahedédda Tajeddigt }
Taji_male = { Taji }
Takouhi_male = { Takouhi Taguhi }
Tal_male = { Tal Tali }
Talatu_male = { Talatu }
Talia_male = { Talia Talya Taliah }
Taliba_male = { Talida Taliba }
Talya_male = { Tahlia Talia Talya }
Tamar_male = { Tamar Tamari }
Tamu_male = { Tamu }
Tancostyla_male = { Tangwystl Tancostyla }
Tarpa_male = { Trebeis Tarpa }
Tarpamira_male = { Trebemis Tarpamira }
Tarsilla_male = { Tarsilla Tarsiella Tarshera }
Tati_male = { Tati }
Tatinani_male = { Tatinani Tedinenis }
Taweckint_male = { Tu?da Taweckint Tueginta }
Tebunnu_male = { Tebunnu }
Tectomara_male = { Tectomara Tektomara }
Tele_male = { Tele }
Ter_male = { Ter }
Teresa_male = { Terèsa Teresa Tereza Terezia }
Tertionicna_male = { Tersonine Tertionicna }
Thaddea_male = { Thaddea Tadea }
Thana_male = { Thana }
Thanchvil_male = { Thanchvil }
Thecla_male = { Thecla Tegla }
Thekla_male = { Thekla }
Theodora_male = { Theodora Teodora Feodora Shudura Chodora }
Theodosia_male = { Theodosia Feodosia Feodosi }
Theophane_male = { Theophano Theophane }
Theophila_male = { Theophila }
Thiyya_male = { Tia Téa Thiyya }
Thomasa_male = { Tamsyn Tami Tam Tamzin Thomasa Tamasin Tammy Tamsin }
Thomasina_male = { Taumasina Thomasina }
Thora_male = { Thora Tora Þora }
Thordis_male = { Thordis Þordis }
Thriti_male = { Thriti }
Thyra_male = { Thyra Þyra }
Tiberia_male = { Tiberia }
Tiburge_male = { Tiborg Tiburge Thetburga Tiburga }
Timothea_male = { Timothea }
Tisa_male = { Tisa }
Tita_male = { Tita }
Titiana_male = { Titiana Techana Tédzéana Teshana Titziana Tietiana }
Tobiah_male = { Toviah Tobiah }
Toda_male = { Totadona Tota Toda }
Tosha_male = { Tosha }
Touran_male = { Touran }
Tova_male = { Tovah Tova }
Trokondeis_male = { Trokondeis }
Tuliza_male = { Tuliza }
Tullia_male = { Tollíe Tollie Tullia }
Turunku_male = { Turunku }
Tushnamatay_male = { Tushnamatay }
Uistrilo_male = { Bistrila Uistrilo Béstéza }
Ujamaa_male = { Ujamaa }
Ujana_male = { Ujana }
Ulpia_male = { Olpia Ulpia }
Ulvhilde_male = { Ulvhilde Ulfhildr }
Ulyana_male = { Uliana Ulyana }
Umija_male = { Umija }
Ur_male = { Ur }
Urraca_male = { Urraca Urraka }
Ursa_male = { Ursa }
Urudhayant_male = { Urudhayant }
Ushtavaiti_male = { Ushtavaiti }
Usia_male = { Usia }
Usk_male = { Usk }
Uxshenti_male = { Uxshenti }
Vadhut_male = { Vadhut }
Vajrapani_male = { Vajrapani }
Valantia_male = { Vailance Valantia }
Valentia_male = { Valence Vailence Valentia }
Valentina_male = { Valentina }
Valeria_male = { Gueleríe Valleria Valeria Uaiera Valèrie Baleréa Baleria Ualleria Valerja }
Valona_male = { Valonne Valona }
Vanghu-Fedhri_male = { Vanghu-Fedhri }
Vashti_male = { Vashti }
Velia_male = { Velia }
Velsonia_male = { Velsonia }
Veneva_male = { Vènéve Gueníue Veneva }
Venimara_male = { Venimara }
Vera_male = { Bera Uera Vera }
Vercilla_male = { Vercilla }
Vered_male = { Vered Vardah Varda }
Verina_male = { Uerena Verina }
Veronica_male = { Virina Veronica }
Vibena_male = { Vibena }
Victoria_male = { Béddoréa Vetoirie Veptoria Vittaurja Ueptoria Bittoria Victoria Uéutura }
Vigilantia_male = { Vigilantia Vegelancia Uedzherantsa Uezheransa }
Vindilla_male = { Vindilla }
Viola_male = { Viola Véòle Guíole }
Virginia_male = { Virginia Guérgínie }
Virignia_male = { Virignia Vérgiénie }
Vispa-Thaurvo-Ashtray_male = { Vispa-Thaurvo-Ashtray }
Vivian_male = { Vivian Viviana }
Viviana_male = { Bébéana Bibiana Uiuiana Viviana }
Volcila_male = { Vausille Volcila }
Voltisema_male = { Voltisema }
Vseslava_male = { Vissisleifa Vseslava }
Vuldretrada_male = { Buddedalda Vuldretrada Buddetrada }
Wadanh_male = { Wadanh }
Wahida_male = { Wahida }
Walzama_male = { Walzama }
Waseme_male = { Waseme }
Williamette_male = { Williamette Guillaumette }
Winda_male = { Winda }
Winifred_male = { Winifred Gwenfrewi }
Ya_male = { Ya }
Yaffa_male = { Jaffe Yaffe Yafa Yaffa Yafe }
Yakumo_male = { Yakumo }
Yanbamu_male = { Yanbamu }
Yar_male = { Yar }
Yasaman_male = { Yasaman }
Yasmin_male = { Yasmin }
Yena_male = { Yena }
Ylva_male = { Ylva }
Yolanda_male = { Yolanda Violante Iolanthe Jolanta Yolande Ioulanda Violant Violande Violent Viola Violeta }
Yom_male = { Yom }
Yoron_male = { Yarona Yoron }
Yukuna_male = { Yukuna }
Yvonne_male = { Yvonne Erwana Yvon }
Zahra_male = { Zahra }
Zahrah_male = { Zahrah }
Zaida_male = { Zaida }
Zainab_male = { Zainab }
Zairichi_male = { Zairichi }
Zakia_male = { Zakia }
Zakiya_male = { Zakiya }
Zakiyyah_male = { Zakiyyah }
Zama_male = { Zama }
Zawadi_male = { Zawadi }
Zawati_male = { Zawati }
Zaynab_male = { Zaynab Saynab }
Zaytun_male = { Zaytun }
Zeta_male = { Zeta Zeita }
Zipporah_male = { Tzipporah Zipporah Tziporah }
Ziv_male = { Ziva Zivit Ziv }
Zohar_male = { Zahara Zohar }
Zubayda_male = { Zubayda Zubaydah }
Zura_male = { Zura }
Zuri_male = { Zuri }
Zuwena_male = { Zuwena }
anna_male = { anna Anna }
apollodora_male = { Apollodora apollodora }
apollonia_male = { apollonia Apollonia }
artemisia_male = { Artemisia artemisia }
athenais_male = { athenais Athenais }
christina_male = { christina Cristina }
clementia_male = { Crementia clementia }
constantia_male = { Constancie constantia }
dionysia_male = { Dionysia dionysia }
domnina_male = { domnina Donnia }
elisabeth_male = { elisabeth Helisabeth }
elpis_male = { elpis Elpis }
eutrocia_male = { eutrocia Odrotia }
gregoria_male = { Gregoria gregoria }
johanna_male = { Iohanne johanna }
kleopatra_male = { Kleopatra kleopatra }
mary_male = { mary Maria }
octavia_male = { octavia Ostabia }
petra_male = { Piara petra }
susan_male = { Saisana susan }
virginia_male = { virginia Virgina }
Åsa_male = { Asa Åsa Åse }
Ælflæda_male = { Ælflæda Ælfflæd }
Ælia_male = { Elíe Ælia Èlie }
Æmilia_male = { Èmélie Emilíe Æmilia }
Æthelreda_male = { Æthelræda Æthelreda Æthelthryth }
Çiçek_male = { Çiçek Çiçäk Çeçek }
