Aaron_male = { Aaron Yaron Aarôn Haroun Aharon }
Abahu_male = { Abahu Avda }
Abakar_male = { Abakar }
Aballarios_male = { Aballarios Aballacos }
Abasama_male = { Abasama }
Abaya_male = { Abayi Abaya Abaye }
Abba_male = { Abba Aba }
Abbas_male = { Abbas Abasi }
Abderrahman_male = { Abderahman Abderrahman }
Abdmelqart_male = { Abdemelgar Abdmelqart Addemeryar }
Abdu_male = { Abdu }
Abdul_male = { Abdul }
Abdul-Qadir_male = { Abdul-Qadir }
Abdul-Rahman_male = { Abdulraham Abdul-Rahman }
Abdulkareem_male = { Abdulkareem }
Abdullah_male = { Abdallah Abdullah Abdalla Abdulle }
Abel_male = { Habil Hevel Abel Hebel Abél }
Abijah_male = { Abianos Abijah }
Abner_male = { Abner }
Abraham_male = { Abraham Avraaham Abraam Brahim Avraham Ebrahim Ibrahim }
Abram_male = { Abram Avram }
Abrisius_male = { Abris Abrisius }
Abu_male = { Abu }
Abu-Bakr_male = { Abubakar Abu-Bakr }
AbuBakr_male = { AbuBakr Abukar }
Abucatus_male = { Abuchaty Abucatus Abucatui }
Abwango_male = { Abwango }
Achak_male = { Achak }
Achalraja_male = { Achalraja Achalraj }
Adam_male = { Adamu Adam Aatso }
Ademar_male = { Audomarus Ademar Adalmar }
Adgennorix_male = { Agennory Adgennorix }
Adgenos_male = { Adgenos Agen }
Adhama_male = { Adhama }
Adhola_male = { Adhola }
Adiarius_male = { Adiarius Egearé Agéaréo }
Adiatullos_male = { Adiatullos Adiatullus }
Adina_male = { Adina }
Aditya_male = { Aditya Atitta }
Admatos_male = { Admatos Admatus }
Adnamatos_male = { Adnamatus Adnamatos }
Adnamos_male = { Adnamos Adnamus }
Ado_male = { Ado }
Adolf_male = { Æthelwulf Adolf Adolfo Eadulf Eadwulf }
Adrian_male = { Atrianus Adrianus Adrianu Adrianos Dréanu Adrien Hadrianus Adrian Adran }
Adsedos_male = { Adsedos Adsedus }
Adémar_male = { Æthelmær Adémar }
Aeddan_male = { Edhan Aeddan Èdano }
Aegidius_male = { Yédzéu Aegidius Egidziu Ièzhezy Èdzhedzui }
Aelianus_male = { Aelianus Ayliyaneh }
Aelius_male = { Aelius Aliau }
Aemilianus_male = { Ièmeany Milianus Èmelleanui Emilio Aemilianus Èmellanu }
Aemilius_male = { Emil Èmellui Aemilius Èmallu Ièmeiy Méléu Imiliu }
Aethelfred_male = { Edylfred Aethelfred }
Aetius_male = { Aetius Ètsui Èciu Ièsy Etziu Été Edzéu }
Afrasiyab_male = { Afrasiyab Efrasiyab }
Afshar_male = { Efšer Afshar }
Agapetos_male = { Agapetus Agapetos }
Agathonikos_male = { Agathonikos }
Agathos_male = { Agathon Agathos }
Ageleios_male = { Ageleius Ageleios }
Agoro_male = { Agoro }
Agothyathik_male = { Agothyathik }
Agrafin_male = { Agrafin Arroín Agrauéno }
Agravain_male = { Agrauèno Agravain Arroen }
Agrippa_male = { Errépe Agrippa Agrépe }
Ahha_male = { Ahha Ahai }
Ahmad_male = { Ehmed Ahmaad Ahmad Ahmedu Ahmed }
Ahmed_male = { Ahmed Axmed }
Ailred_male = { Æthelræd Edryd Ailred }
Airimi_male = { Airimi }
Aiwel_male = { Aiwel }
Akango_male = { Akango }
Akbar_male = { Ekber Akbar }
Akhushfarn_male = { Akhushfarn }
Akua_male = { Akua }
Akulo_male = { Akulo }
Alan_male = { Elan Allan Alanus Alain Alan Alano }
Alaric_male = { Laréyu Alar Alaric Alarigu }
Albanus_male = { Albano Alben Albanus }
Alberic_male = { Alberic }
Albert_male = { Adalberto Alberto Béla Aldebert Aldabertus Alivertus Wojciech Aldabert Adalbert Albert Adalbertus Albrecht Albrikt Vojtech Albertino Æthelberht Adelbert }
Albinus_male = { Albinus Albiny Albinui Albinu Arbénu }
Albus_male = { Albu Ialby Albo Albui Arbu Albus Jualb Alb }
Alderic_male = { Alderic Aldericus }
Aldroenus_male = { Aldwr Aldroenus }
Alexander_male = { Aleksandre Alexandr Allèpsandrè Iskander Alisander Eleandre Chaandy Eskander Alexander Iskender Alexandros Allepsandri Ales Leshãdru Allisander Alessandro Alesandre Iskinder Aleksandar Alexandre Alexandru Alescandru Alecuandur Aleksandr Alèsandrè Aiéushandre Aleksander Sándor }
Alexandros_male = { Alexandros Alexander }
Alexios_male = { Alexius Alexios }
Alexis_male = { Alexei Alexios Alexis }
Alf_male = { Alv Alf Alfr }
Alfred_male = { Alured Acfred Alfred Ælfræd }
Alhaji_male = { Alhaji }
Ali_male = { Ali Elî }
Alidus_male = { Alidus Alideh }
Alier_male = { Alier }
Aliyu_male = { Aliyu }
Allo_male = { Allo }
Alon_male = { Alon }
Alooma_male = { Alooma }
Alp_male = { Alp }
Alphons_male = { Alphons Adefonsus }
Alphonse_male = { Adelphonsus Alphonse Anfòs Alifonso Alfons Alonso Adelfonso Alfonso Afonso Adfuns }
Alstan_male = { Æthelstan Elystan Ælfstan Alstan }
Aluysio_male = { Aluysio Luysio Loysio }
Alvito_male = { Alvito }
Alwin_male = { Ælfwine Ælle Elfin Elpin Alwin Alwyn Æthelwine Ealdwine Algwyn }
Alwyn_male = { Alén Alwen Aléno Alwyn }
Amadeus_male = { Amadeus Amadeu }
Amal_male = { Amal }
Amalric_male = { Amalricus Manrique Almerich Amaury Amalric }
Amandus_male = { Amandus }
Amani_male = { Amani }
Amara_male = { Amara }
Amarabhujanga_male = { Amarabhujanga Amarapuyankan }
Ambara_male = { Ambara Ambare }
Ambarrus_male = { Ambarui Ambiary Ambarrus }
Ambiorix_male = { Ambery Ambiorix }
Ambrose_male = { Abbolsu Èméris Ambrose Íméri Abbrosiu Emrys }
Ambrosinus_male = { Ambròsino Ambrosinus Ambrosin }
Ambrosius_male = { Ambrushy Ambrosius Ambroshui Ambros Emrys Ambrosio }
Amicus_male = { Amicus Amik Amikeh }
Amin_male = { Amin Aminu }
Amir_male = { Amir }
Amiri_male = { Amiri }
Amolo_male = { Amolo }
Amr_male = { Amr }
Anaeos_male = { Anaeus Anaeos }
Analonacus_male = { Anaronacui Anaruñacy Analonacus }
Anangpala_male = { Anangpal Anangpala }
Anasa_male = { Anasa }
Anastasius_male = { Anaschashy Anastashui Anastasius Anastasiu Anastasios Nastaséu }
Anastastios_male = { Anastasius Anastastios }
Ancel_male = { Ancel Ansellus }
Andreas_male = { Andreas Andriai Andre }
Andrew_male = { Andrés André Anders Andrias Andrei Andreotto Andrev András Andre Andrzej Andrea Ãdela Andreas Anderjs Jedrzej Andrew Andream Andreu Androus Ondrej }
Andronicus_male = { Andronik Andronikos Andronicus }
Aneroestos_male = { Aneroestos }
Aneroestus_male = { Aieresty Añerestui Aneroestus }
Angel_male = { Angel Anghel Ângelo Angelo }
Angelbert_male = { Angelbertus Angelbert }
Angelus_male = { Añgelos Angelus }
Angus_male = { Unuist Óengus Áengus Angus }
Anicius_male = { Aieshy Añeciu Néu Añechui Anigiu Anicius }
Annan_male = { Annan Annans }
Annius_male = { Anniu Añui Iaiy Annéu Annius }
Anqarib_male = { Anqarib }
Ansuro_male = { Ansuro }
Antalas_male = { Antala Ãdala Antalas }
Anthemios_male = { Anthemios Anthemius }
Anthimos_male = { Anthinos Anthimos }
Anthony_male = { Antune Antonineh Anthony Antuone Antonius }
Antiochos_male = { Antzioccu Antiokhos Ãdzéoggu Antiochos }
Antoeis_male = { Antoeis }
Antoinus_male = { Antoinus Antonino }
Antoninus_male = { Antonolo Antonine Antoninu Antoninus António Ãdonénu Antuñinu Antuñiny Annwn Antonino Antoni Antoñinui Antònino Anton Antonin Antonio }
Antonius_male = { Antoine Antuiy Antoñui Antonios Andolin Antoñu Anton Antonius Antonio }
Anund_male = { Anund Anundr Anundir }
Anupapala_male = { Anupapala Anuppal }
Anushirvan_male = { Enûširwan Anushirvan }
Aparajita_male = { Aparâcita Aparajita }
Aparajitavarman_male = { Aparajitavarman Aparâcitavarman }
Apollonios_male = { Apollonios }
Apollonius_male = { Apollonius Apuruiy Aporoñui }
Apon_male = { Abon Abono Apon }
Apotouros_male = { Apotouros Apotour }
Appius_male = { Appius Appeo Appé }
Apuleius_male = { Apuleius Apullu Buzu }
Aquila_male = { Achilas Aquila }
Aquilinus_male = { Aquilinus Achilino }
Aradig_male = { Araziéco Aradig Eregéy }
Aradoc_male = { Eredho Aradòco Aradoc }
Arawain_male = { Arauéno Eroén Arawain }
Arcadius_male = { Arcadius Aryadéu Archazy Arcagiu Argad Arcadzui Argadiu }
Archelaos_male = { Archelaos Arkhelaos }
Archibald_male = { Archembaldus Archibald Archambaud Archambold Archambaut }
Ardahan_male = { Ardahan Erdehan }
Ardavan_male = { Ardavan Artivan Erdewan }
Ardeshir_male = { Artashir Ardeshir Erdešîr }
Ardumanish_male = { Ardumanish }
Ares_male = { Ares Arias }
Arias_male = { Arias }
Arikesari_male = { Arikesari Arikêcari }
Arim_male = { Arim }
Arinjaya_male = { Arinjaya Ariñcaya }
Ario_male = { Ario }
Ariomanos_male = { Ariomanus Ariomanos }
Ariomanus_male = { Arimanus Ariomanus }
Ariyabrdhna_male = { Ariyabrdhna }
Ariyamna_male = { Ariyamna }
Arjuna_male = { Arjuna Arjune }
Arjunpala_male = { Arjunpala Arjunpal }
Arkha_male = { Arkha Arxa }
Arku_male = { Arku }
Arnbeorn_male = { Arnbeorn Arnbjörn }
Arne_male = { Arne Arni }
Arnold_male = { Arnaud Arnaut Arnau Arnaldus Arnold Arnauld Arnault Arnald }
Arnulf_male = { Arnulphus Arnulf Arnoulf Arnoul }
Arod_male = { Erod Aroto Arod }
Arop_male = { Arop }
Arsenios_male = { Arsenios }
Arshaka_male = { Arshaka }
Arshama_male = { Arshama }
Arslan_male = { Arslam Arszlán Arslan Araslan }
Arsu_male = { Arsu }
Artal_male = { Artau Artal }
Artavardiya_male = { Artavardiya }
Artaxias_male = { Artaxias Artáushe Artapsiai }
Artaxshasa_male = { Artaxshasa }
Artemidoros_male = { Artemidoros }
Artemius_male = { Artemius Arthen }
Arthbodus_male = { Arthbodus Arthfoddw }
Arthfael_male = { Ardéualo Argeíuel Arthfael }
Arthur_male = { Arthueu Art Arthguiu Arthuiu Arzhur Arthwr Artúr Ardur Achiuir Arthur Arduro }
Articnos_male = { Articnos Artiknos }
Articnus_male = { Archemnui Arshéuny Articnus }
Artorius_male = { Artorius Arthwys Arthuis }
Artur_male = { Artur Aarto }
Aryawratha_male = { Aryawratha }
Arzoccu_male = { Assoyu Arsogu Arzoccu }
Asa_male = { Asa }
Asbeorn_male = { Asbeorn Asbjörn }
Asbjörn_male = { Osbeorn Asbjörn }
Ashakuka_male = { Ashakuka }
Asher_male = { Ashur Asher }
Ashoka_male = { Asoke Ashoka }
Ashon_male = { Ashon }
Ashot_male = { Ashot Ešot }
Ashraf_male = { Ashraf }
Asil_male = { Asil }
Asina_male = { Asina }
Aspacanah_male = { Aspacanah }
At-Tayeb_male = { At-Tayeb }
Atamaita_male = { Atamaita }
Ateboduos_male = { Ateboduus Ateboduos }
Ategnatos_male = { Ategnatus Ategnatos Ategnet }
Ategnatus_male = { Ategnatus Achemnatui Ashéuñaty }
Atemeros_male = { Atemeros Atemerus }
Ateporicus_male = { Acheporecui Ashepurecy Ateporicus }
Ateporix_male = { Ateporix }
Ater_male = { Ater }
Atera_male = { Aterus Atera }
Atevalos_male = { Atevalus Atevalos }
Athanaric_male = { Athanaric Atanarigu Tanaréyu }
Athanasius_male = { Afanasiy Athanasios Athanasius }
Athirajendra_male = { Atirâcêntira Athirajendra }
Athiyabaushna_male = { Athiyabaushna }
Atiantos_male = { Atiantus Atiantos }
Atieno_male = { Atieno }
Ato_male = { Ato }
Atpomaros_male = { Atpomarus Atpomaros }
Atrnerseh_male = { Atrnerseh Adarnase }
Attilius_male = { Agilé Attilius Azziléo }
Atto_male = { Attius Atto }
Atucos_male = { Atucos Atuco Atucus }
Atuios_male = { Atuios Atuius }
Atuma_male = { Atuma }
Aturpat_male = { Aturpat }
Atyeno_male = { Atyeno }
Aubry_male = { Albery Aubry Albericus }
August_male = { Auust August Awgustin Awst }
Augustine_male = { Ugustinu Augustine Agustin Yusténu Aguastin Augustín }
Augustinus_male = { Augstinui Oguschiny Augustinus }
Augustus_male = { Awgusteh Ogusty Augustus Augstui }
Aulus_male = { Ole Aulus Aulo }
Aurang_male = { Aurang }
Aurelianus_male = { Oreany Aurelianus Aurellanu Aurelleanui }
Aurelius_male = { Orelé Aurely Aurèléo Aurelio Urellu Aurellu Aurellui Aureolus Awrehli Rezu Oreiy Aurelius }
Austell_male = { Austol Austell }
Avdima_male = { Avdimi Avdima }
Avitus_male = { Oety Avitus Auetui Avetu }
Avyaman_male = { Avyaman }
Avyaman-yan_male = { Avyaman-yan }
Avyamanch_male = { Avyamanch }
Aymar_male = { Aymardus Aymard Aymar }
Aymeric_male = { Aymar Aymeric Aimeric Aimery Emelrich }
Ayo_male = { Ayo }
Ayyub_male = { Eyyub Ayyub }
Azima_male = { Azima }
Azizi_male = { Azizi }
Aznar_male = { Aznar }
Baba_male = { Baba }
Babaeus_male = { Babowai Babai Babaeus Babwahi }
Babak_male = { Babek Babak }
Badi_male = { Badi }
Badru_male = { Badru }
Baegorix_male = { Baigorixo Baegorix }
Bagabigna_male = { Bagabigna }
Bagabuxsha_male = { Bagabuxsha }
Baghpala_male = { Baghpala Baghpal }
Bagour_male = { Bagour Bakur }
Bagunda_male = { Bagunda }
Bahram_male = { Behram Bahram }
Baingana_male = { Baingana }
Bakari_male = { Bakari }
Bakhit_male = { Bakhit }
Bakhtiar_male = { Bakhtiar Pakhtiyar Bextîyar }
Bako_male = { Bako }
Balaban_male = { Balaban Balabán }
Balambar_male = { Balambär Balamber Balambér Balambar }
Balarabe_male = { Balarabe }
Balder_male = { Balder Baldr }
Baldwin_male = { Baldovino Baldwin Baldewin Baudouin Balduinus Baudoïn Boudewijn Baldoen }
Balin_male = { Baléno Balin Belén }
Balise_male = { Balí Balise Balés }
Barak_male = { Barak }
Barakat_male = { Barakat Baraka }
Baraket_male = { Baryedu Baraket Bargetu }
Baram_male = { Baram }
Barau_male = { Barau }
Barbushe_male = { Barbushe }
Bardiya_male = { Bardiya }
Bartholomew_male = { Bartholomew Buartol Talmai Bartholomeo Tolmai Bardolomeu Bartolomeu Bartholomaios Tulmay }
Bartolomeus_male = { Bartoumiéu Bartolomeo Bartosz Bartolu Bartolomeus Bartoromeui Barturumey Bartomeu Bartholemi Bartholomaeus Bartol Barthélémi Bartholomaios }
Baruch_male = { Barukh Baruch }
Barumini_male = { Barumini Baruméné }
Bashir_male = { Bashar Bashir }
Basil_male = { Vasilii Vasile Vasiliy Basillu Basézu Basileios Basil Basilio }
Basiliscus_male = { Basiliskos Basiliscus }
Basilius_male = { Basilius Basheiy Besilio Bashellui }
Bassos_male = { Bassos }
Bassu_male = { Bassu }
Bathanattos_male = { Bathanattos }
Bato_male = { Bato }
Bavana_male = { Bavana }
Bawa_male = { Bawa }
Bawo_male = { Bawo }
Bayajidda_male = { Bayajidda }
Bayero_male = { Bayero }
Bedwyn_male = { Bedwyn Bèdéno Bedén }
Bedwyr_male = { Bedur Bedwyr Bèturo }
Beejpala_male = { Beejpal Beejpala }
Belgos_male = { Bolgios Belgos }
Beli_male = { Beli Bili }
Belisarius_male = { Bèllisariu Belisarios Bellesariui Belisarius Belisariu Beieshary Belsario Belésaréu }
Bellaunos_male = { Bellaunos Bellon }
Bello_male = { Bello }
Benedict_male = { Benito Benedict Benedetto Benedek Benedittu Benedikt Benet Benedictus Bengt Benoît Benedéddu Benes Beneoit Beneset Bunedec }
Benedictus_male = { Benedictus Beiedéuty Beñedeptui }
Benignus_male = { Benignus }
Benjamin_male = { Binyamin Benjamin Beniamen }
Bennacos_male = { Bennacos Bennaques }
Bennacus_male = { Beñacui Beacy Bennacus }
Beorhtwine_male = { Beorhtwine }
Beorn_male = { Bjørn Beorn Björn }
Beornimir_male = { Beornimir Björnimar }
Ber_male = { Ber }
Berengar_male = { Berenguer Bérenger Berengar Berenguel Berengario Berengarius Berenguié }
Berhtwine_male = { Berhtwine Berthgwyn }
Bernard_male = { Bernardin Bernard Bernez Bérard Bernabò Bernardo Bernhard Barnaerd Bernat Bernát Bernhardus }
Berthoald_male = { Berthoald Berthwallt }
Bertrand_male = { Bertrandus Bertran Bertrand Beltrán }
Bharkhuman_male = { Bharkhuman }
Bhima_male = { Bhima Bhimadeva }
Bhoja_male = { Bhojavarman Bhoja Bhoj }
Bhumpala_male = { Bhumpal Bhumpala }
Bhurz_male = { Bhurz }
Bicilius_male = { Besheiy Bechellui Bicilius }
Bikili_male = { Bikili Beciellu }
Bikorom_male = { Bikorom }
Bilal_male = { Bilal }
Binmelqart_male = { Binmelqart Bimmelgar Bémmeryar }
Biram_male = { Biram }
Biri_male = { Biri }
Birpala_male = { Birpal Birpala }
Bishara_male = { Bishara Bishoi }
Bitognatos_male = { Bitognatos }
Bitugnatus_male = { Bitugnatus Betumnatui Betúñaty }
Biturix_male = { Biturix Betoury }
Blaise_male = { Blasi Blayve Blazej Blaez Blaise Blaz }
Blavos_male = { Blaus Blavos }
Bleddyn_male = { Blégin Bleddyn Blégino }
Bledrig_male = { Bledrig }
Bleiddig_male = { Blégí Bleiddig Blézico }
Bleiddud_male = { Bleiddud }
Boccius_male = { Boqqi Boccius Boggéu Bocciu }
Bodugnatos_male = { Bognet Bodugnatos }
Bogdan_male = { Bogdan Bohdan Bokdan }
Bogirg_male = { Bogirg }
Bogodiataros_male = { Bogodiataros }
Boguslaw_male = { Bohuslav Boguslaw Bogislaw }
Bohemond_male = { Bohemond Boamundus }
Boiorix_male = { Boiorix Beory }
Bokdoru_male = { Bokdoru }
Bol_male = { Bol }
Bolad_male = { Bolad }
Boleslav_male = { Boleslaw Boleslav Burisleif }
Bolgios_male = { Bolgios Bolge }
Boniface_male = { Bonifagiu Bonifacius Boniface Bonayéu }
Bonifacius_male = { Bonifacio Boncza Bonifacius }
Bonino_male = { Bunin Bonino }
Bonnannaro_male = { Bonnannaro }
Bonosus_male = { Bonosus }
Borgoris_male = { Borgoris Brogoris }
Borijov_male = { Borzywoj Borijov Boriwoj }
Boris_male = { Boris Borisz }
Born_male = { Born }
Bors_male = { Bòrs Bors Bor }
Boson_male = { Bosón Boso Boson }
Bouchard_male = { Burgheard Bouchard Burchardus }
Brage_male = { Brage Bragi }
Bran_male = { Brano Bran Brân }
Brannogenus_male = { Brannogenus Braiuzheny Brañodzhenui }
Branwaladr_male = { Branwaladr }
Brasus_male = { Brasu Brasus }
Brendan_male = { Branwalator Brendan }
Brennos_male = { Bren Brennos }
Brennus_male = { Breñui Breiy Brennus }
Bretislaus_male = { Briachislav Bertisleif Bretislaus Bretislav }
Brian_male = { Briac Brient Brian }
Brice_male = { Brice }
Bride_male = { Brude Bridei Bride }
Brigomagos_male = { Breumage Brigomagos }
Briog_male = { Briog }
Britannicus_male = { Brídaney Brechaiecy Bretañecui Britannecu Bretagniques Brétannéco Britannicus }
Brochmael_male = { Brochmael Brogemal Bròcimalo }
Brochvael_male = { Bròcivalo Brochvael Brogeual }
Brogimaros_male = { Brogimaros }
Brogitaros_male = { Brogitarios Brogitaros }
Brogmaglus_male = { Brogmaglus Brochfael }
Brutus_male = { Brú Brout Brutus Bruto Brwt }
Brwyn_male = { Brén Bréno Brwyn }
Brychan_male = { Brychan Brocano Broichan Brogan }
Bryzos_male = { Brisu Bryzos }
Bryzus_male = { Brezui Bryzus Brezy }
Bua_male = { Bua }
Bug_male = { Bug }
Bukar_male = { Bukar }
Bul_male = { Bul }
Bulgius_male = { Buldzhui Bulgius Bulzhy }
Bulu_male = { Bulu }
Burebista_male = { Burebista Burèbastu }
Burema_male = { Burema }
Burja_male = { Burja }
Busar_male = { Busar }
Busara_male = { Busara }
Bussumaros_male = { Bussumarus Bussumaros }
Bustan_male = { Bustan }
Buyuma_male = { Buyuma }
Bwana-Mkubwa_male = { Bwana-Mkubwa }
Byzo_male = { Byzo Bizu }
Caddan_male = { Cadano Caddan Gedhan }
Cadell_male = { Cadello Cadell Gedhelle }
Cadfael_male = { Catovallo Cadfael Gedoualle }
Cadoc_male = { Cadoc Kado }
Cadog_male = { Gedoe Cadoco Cadog }
Cadw_male = { Cadw }
Cadwal_male = { Catovallo Gedoualle Cadwal }
Cadwaladr_male = { Cadwaladr }
Cadwalladr_male = { Cadwalladr Catgualtr }
Cadwallon_male = { Cadwallon Gedouallon Catguallon Catovallòno }
Cadwared_male = { Cadwared }
Cadwr_male = { Cadwr }
Cadwy_male = { Gedoui Catovio Cadwy }
Caecilius_male = { Shèsheiy Aksel Cecily Cièciellu Chèchellui Ciécileo Gégilé Cegillu Aksil Géyézu Caecilius Kêkili }
Caedicius_male = { Cedig Caedicius }
Caelestinus_male = { Shèiestiny Caelestinus Chèllestinui }
Caelgyn_male = { Gelegin Cièlégino Caelgyn }
Caesar_male = { Kaisarios Caesar Shèsa Ciesar Chèsa Gesar }
Caesarius_male = { Caesarius }
Cai_male = { Céo Guí Cai }
Cain_male = { Gén Cain Ciéno }
Caius_male = { Caius Gayi }
Caleddin_male = { Geledhin Calèdino Caleddin }
Camaios_male = { Camaios Camaius }
Cambaules_male = { Cambaules Kambaules }
Camillus_male = { Camillus Camillo Kamil }
Cammios_male = { Cammius Cammios }
Camulogenus_male = { Camulogenus Camurodzhenui Camuruzheny }
Candalon_male = { Candalon Candalio }
Candidus_male = { Qandideh Candidus }
Canute_male = { Canute Kanut }
Capussa_male = { Capussa Gabussa }
Caradoc_male = { Caratòco Gerado Caradoc }
Caradog_male = { Caradog Caradec Caradaig Cerdic Karadeg }
Caraled_male = { Caraled Gerelé Caraleto }
Caratacus_male = { Caratacus Ceredig }
Carawain_male = { Carauéno Carawain Gerauen }
Carcasan_male = { Garyasanu Carcasan Cargasanu }
Carig_male = { Caréco Gerey Carig }
Carinus_male = { Cariny Carinui Carinus Carin Carinu }
Carus_male = { Carus Caru Chary Carui }
Casimir_male = { Kasimar Casimir }
Caspar_male = { Gasparru Casparru Gáspár Caspar }
Cassignatos_male = { Kassignatos Cassignatos }
Cassius_male = { Cashui Chashy Cassius Cassiu }
Casticos_male = { Casticos Chastiques }
Caswallon_male = { Caswallon Casovallono Gesouallon }
Catomaros_male = { Catomaros Katomaros }
Catuvalos_male = { Catuvalos Cadoual }
Cavan_male = { Geuan Cauano Cavan }
Cavaros_male = { Cavaros Chavar }
Cecil_male = { Seisyll Cecil }
Cedwyn_male = { Cedwyn Ciétòvino Gédouin }
Celestine_male = { Gélesténu Cilestinu Celestine Coelestinus }
Celtillos_male = { Celtillos Celtille }
Celwin_male = { Géluin Celwin Ciélvino }
Centule_male = { Centulle Centolh Centule Centullus }
Cerdig_male = { Cerdig Ciérziéco Gergey }
Cerdoc_male = { Cerdoc Gerdo Ciértòco }
Ceredig_male = { Gerégey Ceredig Cièrézico }
Cerethrios_male = { Kerethrios Cerethrios }
Ceretiacus_male = { Geregíey Cièrèzéaco Ceretiacus }
Cerevanus_male = { Cerevanus Gereuen Cièrèvano }
Cerfin_male = { Géruin Ciérvino Cerfin }
Cerlyn_male = { Cerlyn Gérlin Ciérlino }
Cerses_male = { Shershi Cerses Chershi }
Cerwain_male = { Géruén Cerwain Ciérvéno }
Chakar_male = { Chakar }
Chakhren_male = { Chakhren }
Chan_male = { Chan }
Chane_male = { Chane }
Chang_male = { Chang }
Chanin_male = { Rachim Chaninai Chanin Hanina Chanina Rahim Chinena }
Charidemos_male = { Charidemus Charidemos }
Charles_male = { Charles Karel Karlu Károly Karol Kaarle Karl Karlz Carolus Carlus Carles Karlo Cearl }
Chaski_male = { Chaski }
Cher_male = { Cher }
Chidi_male = { Chidi }
Chlotar_male = { Hlutar Chlotar }
Chol_male = { Chol }
Chozai_male = { Chozai Hozai }
Christian_male = { Christian Krystyn Kristian Crastin }
Christopher_male = { Krzysztof Christophorus Krystafer Christophoros Christoffer Risto Christopher Cristoforo Kristof }
Chrystanthos_male = { Krisanthos Chrystanthos }
Chunya_male = { Nechunya Chunya }
Ciderios_male = { Ciderios Cedry }
Cikkoku_male = { Cikkoku }
Cincixri_male = { Cincixri }
Cipare_male = { Cipare Cipari Gébaré }
Cisantaxma_male = { Cisantaxma }
Cishpi_male = { Cishpi }
Citatos_male = { Citatos Citatus }
Claudius_male = { Crudiu Grudéu Ciaudzui Claudius Claude Claugiu Klaudios Cozy Glywys }
Clemens_male = { Gremen Clemens Cremen }
Clement_male = { Clemen Clemens Grem?dzéu Clemence Kliment Clement Clemente Clemiant Clamenç Crementziu }
Clementius_male = { Ciementsui Clementius Cemensy Clemenciu }
Clevvon_male = { Clevvon Clevvo Clevas }
Clotaire_male = { Clotaire Clothar }
Coel_male = { Coel Gelé Ciéléo }
Colman_male = { Colman Culmin }
Comanos_male = { Comanos Comain }
Comatos_male = { Comatus Comatos }
Combogios_male = { Combogios Comboge }
Combolomaros_male = { Kombolomaros Combolomaros }
Combutis_male = { Komboutis Combutis }
Comita_male = { Goméda Comita }
Comitas_male = { Cumeche Cometai Comitas }
Commodus_male = { Qommodeh Commodus }
Commuvalos_male = { Commuvalos Commoual }
Comontorios_male = { Komontorios Comontorios }
Conall_male = { Canuall Conall }
Conan_male = { Cynan Conan Canan Konan }
Conn_male = { Conn Canu }
Connacorix_male = { Konnakorix Connacorix }
Constans_male = { Constañi Castant Constans Cysteint Konstas Cunschai Constand }
Constant_male = { Constant Constantius }
Constantine_male = { Castantin Constantín Cogénin Còscénino Costantinu Custentin Konstantinos Causantín Constantinus Konstantine Gostãdénu Constantine Konstantin Custennin Constantino Caunstantin Gosdantin }
Constantinus_male = { Costantin Cunschantiny Constantinui Constantinus Cunstantinu }
Constantius_male = { Constantsui Custeyn Cunschansy Cunstanciu Konstantios Constantius Constans Constanzo }
Corbos_male = { Corbos Corbus }
Corentin_male = { Corentin }
Corineus_male = { Coréné Corineus Corénéo }
Cornelius_male = { Cureiy Cornely Cornelio Caurnel Corñellui Curñellu Cornelius Cornelé Cornellu Kornel Còrnèléo Corneliu Gonnezu }
Corona_male = { Corona Gorona }
Correos_male = { Correos Corre }
Cosma_male = { Koz'ma Cosma }
Cosmas_male = { Gossa Cosmas Kosmas Cosma }
Cotulos_male = { Cotulus Cotulos }
Counertos_male = { Counertus Counertos }
Crassus_male = { Grassu Crassus Crassu Crasui Crasy }
Crescens_male = { Crescens }
Crixos_male = { Crixos Cres }
Crouta_male = { Crouta }
Ctibor_male = { Czcibor Ctibor }
Culhwch_male = { Colòco Colo Culhwch }
Culmin_male = { Cwlfyn Culmin }
Cunobarros_male = { Cunobarros Combarre }
Cunomor_male = { Cunomor Conomor }
Cupitus_male = { Cupitus }
Cusaila_male = { Guséla Cusila Cusaila }
Cuthbert_male = { Cuthberht Cuthbert }
Cutzinas_male = { Cutzinas Gudzéna Cutzina }
Cwa_male = { Cwa }
Cynddelw_male = { Cynddelw }
Cyndyddan_male = { Cyndyddan }
Cynfael_male = { Cynfael }
Cynfarch_male = { Conòvarco Cynfarch Conouarge }
Cynfelyn_male = { Conouelin Convelin Conòvèlino Cynfelyn }
Cynfyn_male = { Conòvino Cynfyn Conouin }
Cyngar_male = { Cyngar Congar }
Cyngen_male = { Cyngen }
Cynwallon_male = { Conòvallòno Cynwallon Conouallon }
Cyprianus_male = { Cheprianui Sheprany Cyprianus }
Cyriacus_male = { Cwrig Cyriacus }
Cyril_male = { Kirill Cyril Kyrillos Kurillos }
Cyrpianus_male = { Cyrpianus Ciprianus }
Cyrus_male = { Kurush Cyrus Kûrušê Kurian }
Dabbalemi_male = { Dabbalemi }
Dabro_male = { Dabro }
Dadacus_male = { Dadzhacy Dadacus Dadacui }
Dadarshi_male = { Dadarshi }
Dadi_male = { Dadi }
Dahab_male = { Dahab }
Dakauta_male = { Dakauta }
Dakin_male = { Dakin }
Dala_male = { Dala }
Dallatu_male = { Dallatu }
Dalmatius_male = { Dalmazius Dalmatius }
Damian_male = { Dwyfan Damiano Damião Damian }
Damianus_male = { Damiano Damianus }
Danasabe_male = { Danasabe }
Daniel_male = { Daniyel Taniel Danyal Daniyyel Danail Danilu Deiniol Deniel Daniil Daniél Danilo Danél Daniel }
Danjuma_male = { Danjuma }
Danladi_male = { Danladi }
Danlami_male = { Danlami }
Danotalos_male = { Dental Danotalos }
Dantivarman_male = { Tantivarman Dantivarman }
Danush_male = { Danûš Danush }
Darayavahu_male = { Darayavahu }
Darbios_male = { Darbios Darbius }
Daren_male = { Daren }
Darius_male = { Dariui Darius Dzhary Dariush Daryûš }
Darweshi_male = { Darweshi }
Dasios_male = { Dasios Dasius }
Datuvahya_male = { Datuvahya }
Dauda_male = { Dauda }
Daudi_male = { Daudi }
Daura_male = { Daura }
David_male = { Davit Davi Da'ud Davyd Dabíd Daouda Dewi Dawud Devi Dawit Tuokko Davide Dàvi Daevit Dauid Dafydd Dabuut Davido Da’oud David Deué Daoud Diwdad Davud Dawid }
Dawra_male = { Dawra }
Decimus_male = { Dieciemu Deshemy Gegím Decimus Dèciémo Dechemui }
Decius_male = { Decius Dicy Dechui Deshy Dieciu }
Deiniol_male = { Deiniol Géneol Giéniolo }
Deiotaros_male = { Deiotaros }
Deli_male = { Deli }
Demetrius_male = { Dimitre Demetre Demetrius Dmitriy Demetrios Demetrio }
Deng_male = { Deng }
Dentupes_male = { Dentupes Dièntope Dentupei Dentupe }
Dentusucu_male = { Dentusucu Dièntusucu }
Deopus_male = { Diopu Deopus }
Deospor_male = { Diusporu Deospor }
Derella_male = { Gerélle Gièréllé Derella }
Desacenthus_male = { Desacenthus Desashenty Desachentui }
Desakenthos_male = { Dièsacièntu Desakenthos }
Deusos_male = { Deusos Deusus Deuso }
Dewashtich_male = { Dewashtich }
Dhanga_male = { Dhanga Dhangadeva }
Dharma_male = { Dharma }
Diaco_male = { Diaco }
Diastullos_male = { Diastullus Diastullos }
Diazelmis_male = { Diesièlme Diazelmis }
Diazenis_male = { Diazenis Diesieñe }
Dicasius_male = { Dicasius Dechashy Decashui }
Dikasios_male = { Dikasios }
Dikla_male = { Diklah Dikla }
Dilipapala_male = { Dilippal Dilipapala }
Dim_male = { Dim }
Diocaros_male = { Diocaros Dechar }
Diocletianus_male = { Diocletianus Diucletianu Zhocllechanui Déogredzéanu Diocretzianu Zhuceshany }
Diodoros_male = { Diodoros }
Diodorus_male = { Diodoru Zhudury Déodoru Diyodoreh Diodorus Zhodorui }
Dionysios_male = { Dionysios Dionysius }
Dionysius_male = { Zhoñeshui Dionysius Zhueshy }
Dionysus_male = { Dionysios Dioniso Diônisios Dionysus Dionisii Dinis Dionisio }
Diopus_male = { Zhupy Diopus Zhopui }
Diosporus_male = { Diosporus Zhosporui Zhuspury }
Dizapes_male = { Dizapes Disape }
Djalore_male = { Djalore }
Dobromir_male = { Dobromar Dobromir }
Docnimaros_male = { Docnimaros Docnimarus }
Dolo_male = { Dolo }
Dominic_male = { Dominik Domenico Doménéyu Domingo Domienco Dominic Dominigu Doménico }
Dominicus_male = { Domeñecui Dominicus Dumeiecy Domengo }
Dominius_male = { Domneion Dominius }
Dominus_male = { Domineh Domnos Domno Dominus Doménu Dominu }
Domitianus_male = { Dumetianu Domechanui Dòmizeano Domitianus Dumeshany Domidgen }
Domitius_male = { Domitius Dumesy Dometsui Dumeciu }
Domnilaos_male = { Domnilaos }
Donald_male = { Domelch Donoal Donuallon Dyfnwal Domnall Donald }
Donatus_male = { Donatus Donateh Donadu Dynod Donatu }
Donco_male = { Donco }
Dong_male = { Dong }
Donyarth_male = { Dyfnarth Donyarth }
Dorfael_male = { Dorual Dorfael Dòrvalo }
Draupada_male = { Draupad Draupada }
Drogo_male = { Drogo Drogon }
Drusus_male = { Drusui Drousos Drusu Drusy Rusu Drusus Drous }
Druteos_male = { Drotey Druteos }
Drystan_male = { Drostano Drostan Drystan }
Dubricius_male = { Dubricius Dobrézéo Dobrigí }
Dugu_male = { Dugu }
Duma_male = { Duma }
Dumnorix_male = { Doumnorix Dumnorix }
Dunama_male = { Dunama }
Duncan_male = { Dúnchad Donncuan Dungarth Donnucán Donnchad Duncan }
Dunos_male = { Dunus Dunos }
Dunqas_male = { Dunqas }
Dut_male = { Dut }
Dyfnwallon_male = { Dyfnwallon }
Dyfrig_male = { Dorrí Dyfrig Dovrigo }
Dyrrig_male = { Dorrí Dorrico Dyrrig }
Dyteutos_male = { Dyteutos }
Dytilaos_male = { Dytilaos }
Dywel_male = { Dywel }
Eachern_male = { Éciérno Eachern Ígérn }
Ebbon_male = { Ebbon Ebbo }
Ebicatos_male = { Bechat Ebicatos }
Ector_male = { Éitro Ector Ítre }
Ede_male = { Ede }
Edern_male = { Edern Èdérno Edhérn }
Edgar_male = { Adgar Eadgar Edgar }
Edmund_male = { Edmund Éamonn Emund Eadmund }
Ednyfed_male = { Ednyfed }
Edward_male = { Iorweth Édouard Eduardus Edouarzh Jedvard Edvard Duarte Eduardo Eduard Edward }
Edwin_male = { Odono Edwin Odhon Eadwine Edwyn }
Edyrn_male = { Edern Edyrn }
Egidius_male = { Giles Egidius Gil Aegidius Gilles Aidio }
Egil_male = { Egil Egill Eigil }
Egrilius_male = { Egrillu Hegrili Grézu Egrilius }
Ehud_male = { Ehud Udi }
Einar_male = { Einar Einarr }
Einion_male = { Égnono Einion Ínnon }
Eisarn_male = { Eisarn Isarnu Sannu }
Eldoc_male = { Eldoc Eldoe Èldoco }
Elea_male = { Elea }
Elgwyn_male = { Eluén Èlvéno Elgwyn }
Eli_male = { Eli }
Elias_male = { Elie Eylas Hêlias Elias }
Eliezer_male = { Eliezer }
Eligius_male = { Eligius }
Elijah_male = { Ilyas Eliyyahu Elijah Eliyahu }
Elim_male = { Elim }
Eliomaros_male = { Eliomaros Eliomarus }
Elisha_male = { Elisha Eghisha Elisha' }
Elpidios_male = { Elpidios }
Elpidius_male = { Elpedzui Elpezy Elpidius }
Elvissos_male = { Elvissos Elvissus }
Elwain_male = { Eluén Èlvéno Elwain }
Elwydd_male = { Eluédh Elwydd Èlvédo }
Emery_male = { Emery Aymeric }
Emil_male = { Emil Yemelyan }
Emmanuel_male = { Manuel Emmanouel Emmanuel Immanuel }
Enfidaig_male = { Enuidaig Enfidaig }
Enguerrand_male = { Enguerrand Ingelramnus }
Ennodius_male = { Eiuzy Ènnogiu Ennodius Eñodzui }
Enoch_male = { Enoch Enôch }
Eochaid_male = { Uuochu Eochaid Oucydd }
Epatorix_male = { Epatorix }
Ephraim_male = { Ephraim Efraim }
Eporedorix_male = { Eporedorix }
Eposognatos_male = { Eposognatos }
Eposognatus_male = { Epusúñaty Eposognatus Eposomnatui }
Eptaikenthos_male = { Èptècièntu Eptaikenthos }
Eptaper_male = { Èptaprè Eptaper }
Eptaporis_male = { Èptapore Eptaporis }
Eptarys_male = { Eptarys Èptare }
Eptesuchis_male = { Èptiesucie Eptesuchis }
Erbin_male = { Érbino Érbin Erbin }
Eric_male = { Uuirp Eric }
Erik_male = { Eirikr Erik Eirik Erich Eric Erkki }
Ermid_male = { Érmídh Érmédo Ermid }
Ernest_male = { Ernst Ernest Arnost }
Esfandiar_male = { Esfendiyar Esfandiar }
Espasias_male = { Espasie Espasias }
Eternus_male = { Edern Eternus }
Ethan_male = { Ethan Eitan Eytan }
Ethelfrith_male = { Ethelfrith Æthelfrith }
Ett_male = { Ett }
Eubarnacus_male = { Eubarñacy Eubarnacui Eubarnacus }
Eugene_male = { Egenio Eóganán Ewan Éogan Eugenius Eguen Eugene Even Owain Eugénio Uuen Eugenio }
Euphemios_male = { Euphemius Euphemios }
Euric_male = { Réyu Eborico Euric Urigu }
Eusebios_male = { Eusebios Eusebius }
Eusebius_male = { Eusebius Oservio }
Eustace_male = { Eustathius Eustace Eustachy Eustathios Eustache }
Eutychianos_male = { Eutychianus Eutychianos }
Evangel_male = { Evangel Evangelus }
Everard_male = { Everard Evrard }
Everett_male = { Everett Eberhardus Everard }
Evisus_male = { Evisus Ebisu Bésu }
Ewan_male = { Eógan Ewan }
Excingomaros_male = { Excingomarus Excingomaros }
Eysteinn_male = { Øystein Öysteinn Eystein Eysteinn Östen }
Ezbenis_male = { Èspeñe Ezbenis }
Ezekiel_male = { Ezekiel Yechezkel }
Ezra_male = { Ezra }
Fabianus_male = { Fabeanu Fabianus Fabéano Fabeany Fabeanui Fabien }
Fabius_male = { Fabius Fabiy Fabiu Fabiui }
Fabrician_male = { Fabri Fabrician }
Fabricius_male = { Habélyéu Fabricius Fabrichui Fabrishy Fabriciu }
Facundus_male = { Facundus Fagundu Hayundu }
Fadl_male = { Fezl Fadl }
Fadlun_male = { Fezlun Fadlun }
Faisal_male = { Faisal }
Faizu_male = { Faizu }
Fanaka_male = { Fanaka }
Faraj_male = { Faraji Faraj }
Faramarz_male = { Feramez Faramarz }
Faraz_male = { Faraz Feraz }
Farbokht_male = { Marabokht Farbokht }
Farhad_male = { Ferhad Farhad }
Farhan_male = { Farhan Ferhan }
Farhang_male = { Ferheng Farhang }
Fariborz_male = { Fariborz Fariburz Feriburz }
Farid_male = { Fareed Ferîd Farid }
Farijika_male = { Farijika }
Farquhar_male = { Farquhar }
Farroukh_male = { Farrukh Farroukh Ferux }
Farrukhzad_male = { Feruxzad Farrukhzad }
Faruk_male = { Faruk }
Faruq_male = { Faruq }
Farzad_male = { Ferzad Farzad }
Faustus_male = { Faustus Hustu Faustui Phawsteh Fustu Faustu Fosty }
Fedlimid_male = { Fedlimid Feidlimid Fedelmid }
Felix_male = { Szczesny Felix Felli Feligz Heléy Felec Pheliks Fei Feles Fellip Felice }
Feradach_male = { Uuredach Feradach }
Ferdinand_male = { Fernão Friednand Ferdinand Fredenand Fernán Ferran Ferant Fernando Ferdinando Friedenando Ferrand Ferrando }
Ferdows_male = { Firdews Ferdows }
Fergal_male = { Fergal Guergel Vergalo }
Fergus_male = { Fearghus Gwrgant Urguist Fergus }
Feridun_male = { Feridun Fereedun Ferîdun }
Ferne_male = { Ferne }
Ffernfael_male = { Ffernfael }
Ffriog_male = { Ffriog Frioc }
Fidelis_male = { Fidelis Fidel }
Finn_male = { Gwyn Finn Gwen }
Firmus_male = { Firmus Hémmu Firmu }
Flavianus_male = { Ruhanu Flaueanui Flaianus Flaveanu Floeany Frugianu Flavianus }
Flavius_male = { Phlawi Floí Flavius Flauio }
Florence_male = { Florence Fiaurens Florentius }
Florentius_male = { Florenzo Florentius }
Florianus_male = { Florianus Flureiany Flureanu Floreanui Florien }
Florus_male = { Florus Froru Roru }
Folke_male = { Folke Foulques Folki Foulces Fulco Folco Fulk Folquet Folc }
Fortunatus_male = { Fortún Fortunatus }
Frada_male = { Frada }
Fragan_male = { Fracan Fragan }
Francis_male = { Frantisek Franceis Frans Francés Ferenc Franjo François Frañsez Francesco Francescino Francis Francesc Frane Franz Francisco Franciscus }
Fransis_male = { Ffransis Fransis }
Fravarti_male = { Fravarti }
Frederick_male = { Frederic Friedrich Bedrich Fredrik Frederi Frederico Friderigu Federigo Rieti Réderéyu Frederick Fadrique Frederik Fridericus Frédéric }
Frej_male = { Freyr Frej }
Friog_male = { Friog Ffriog }
Frode_male = { Frode Froði }
Froila_male = { Froila }
Froio_male = { Froio Frojo }
Fruela_male = { Froila Fruela }
Fuad_male = { Fuad }
Fulvius_male = { Foluí Folvio Fulvius }
Fune_male = { Fune }
Gabinus_male = { Gabinu Yabénu Gabinus }
Gabriel_male = { Gabrieli Gábriel Gavrilo Kauro Gavriel Gavril Gavriil Gabriel Kapriel Yabrélu Gabri’el Gabrielu }
Gaddo_male = { Gaddo }
Gadric_male = { Gadric Catarico Gederí }
Gagik_male = { Gagik Gagiki }
Gaguwe_male = { Gaguwe }
Gaidres_male = { Gèdiere Gaidres }
Gaietànu_male = { Gedanu Gaietànu Cetanu }
Gaius_male = { Cai Guí Dzhèui Gay Zhèy Gaiu Gaios Géo Gaius }
Gaizatorix_male = { Gaizatorix }
Gaji_male = { Gaji }
Gajideni_male = { Gajideni }
Galan_male = { Galan }
Galatos_male = { Galet Galatos }
Galba_male = { Galbe Galba }
Galed_male = { Geléd Galed Caléto }
Galerius_male = { Galleriu Galerius Galeriu Yaleréu Gallery Galleriui Gaiery }
Galindo_male = { Galind Galindas Galindo }
Gallienus_male = { Gallienus Gallenui Gallenu Gaieny }
Gallus_male = { Gallo Gallus Dzhary Garui Gawel Gallu Havel }
Galrima_male = { Galrima }
Gambo_male = { Gambo }
Gana_male = { Gana }
Gandarditya_male = { Kantarâtitta Gandarditya }
Gani_male = { Gani }
Garang_male = { Garang }
Garbai_male = { Garbai }
Garcia_male = { Garsia Garsiya García Garçi Garcia }
Gareth_male = { Geréd Caréto Gareth }
Garmul_male = { Garmelu Yammelu Garmul }
Gaston_male = { Gaston Gastone }
Gaubaruva_male = { Gaubaruva }
Gaucher_male = { Gaucher Gauchier }
Gausbert_male = { Gausbert }
Gavin_male = { Gwalchmai Gavin }
Gawain_male = { Gauéno Goén Gawain }
Gaya_male = { Gaya Gaye }
Gazal_male = { Gazali Gazal }
Gazi_male = { Gazi }
Geisericus_male = { Geisericus Geserik }
Gelasius_male = { Gelasius Yelassu Zherashy Gelasiu Dzherashui }
Gelduin_male = { Gildwin Gelduin Gilduinus }
Gelgel_male = { Gelgel }
Gelimer_male = { Gelimeru Yelémeru Gelimer }
Gennadius_male = { Gennatios Gennadius }
Genseric_male = { Genseric Yesseréyu Gesserigu }
George_male = { Georgius Georgios Giwargis Georg Gheorghi Sior Giorgei Yrjö Giorgi Gevorg Jirík Georgy Giorgio Seog Geôrgios Jorge Jerzy Yuriy Varughese Chorche George Jirí Djordje Gheorghe György }
Gerald_male = { Gierolt Guiraud Géraud Gerald Guerau Geralt Geraldo Geraud Gerhardus Gièralto Gerard Garalt Gerallt }
Gerard_male = { Girard Gérard Géraud Guitart Gerardo Gerard }
Gerdin_male = { Gerdin Cièrgino Gergin }
Gereint_male = { Ciérèns Géren Gereint }
Gerhard_male = { Gerhard Girald }
Gerled_male = { Gerelé Gerled Caraleto }
Gerlyd_male = { Geríló Cièrélodo Gerlyd }
German_male = { German Garmon }
Germanicus_male = { Germanicus Germanikus }
Germanus_male = { Kerman Gèrmanu Zhermiany Germanos Germanus Dzhermanui Germain }
Gerontius_male = { Gerontius Ganant Geraint Gerren }
Gerreth_male = { Gerreth Cierreto Gerred }
Gerwain_male = { Gerovén Gerwain Cièròvéno }
Gesatoricus_male = { Gesatoricus Dzhesatorecui Zhesaturecy }
Ghana_male = { Ghana }
Ghobad_male = { Ghobad }
Gideon_male = { Gideon Gid'on Gadeon }
Giir_male = { Giir }
Gijimasu_male = { Gijimasu }
Gilbert_male = { Gisilbertus Guislabert Gilberto Gilbèrt Giselbert Jilberzh Gilbride Gilla-Brígte Gilbert }
Gilchrist_male = { Gilchrist }
Gilding_male = { Gilding }
Gilead_male = { Gilad Gilead }
Gilo_male = { Gilo }
Gilpatrick_male = { Gilpatrick }
Gisalic_male = { Gaisalaiks Gisaligu Yésaléyu Gisalic }
Gitimelu_male = { Gitimelu Yédémelu }
Gnupa_male = { Gnupa }
Gobir_male = { Gobir }
Godarz_male = { Godarz }
Godfrey_male = { Godfrey Geoffroy Jafrez Godefridus Gottfried Geoffroi Godefroy Geoffrey Sieffre Jaufré Godafres Gausfred Guthfrith Goffredo Jofré Godfried Godefroi Gotfred Guðfrið Jaufret Jaufre }
Godwin_male = { Godwin Godwyn }
Gomez_male = { Gomez Gomidius }
Gon_male = { Gon }
Gonzalo_male = { Gonzalo Gonçalo }
Gopala_male = { Gopala Gopal }
Gopendraraja_male = { Gopendraraja Gopendraka }
Gordianus_male = { Gordeanui Gurdianu Gordianus Gurdeany }
Gorm_male = { Guttorm Gorm }
Goshtasb_male = { Goštasp Goshtasb }
Gotarzes_male = { Gotarzes }
Goukouni_male = { Goukouni }
Goutos_male = { Goutus Goutos }
Govindaraja_male = { Govindapala Govindraj Govinda Guvaka Govindaraja }
Gowon_male = { Gowon }
Gracchus_male = { Gracchus Gracy Graccu Gracui }
Gratianus_male = { Gratianu Grashany Grazéano Gradzéanu Gratzianu Gratianus Gregéan Grachanui }
Gregory_male = { Grigorii Greger Grigoris Grigoriy Gregório Gregory Grwgari Gregers Gregorios Grygor Grzegorz Grigore Grigori Gregorius Gigurum Gregor Gregoriu Giric Grigor Gregoras Gregorio Jerjer Groréu Grigoli }
Griffid_male = { Crévido Créví Griffid }
Grim_male = { Grimr Grim }
Gruffud_male = { Cró Gruffud Crovido Crouí Crodo }
Guaram_male = { Guaram Guram }
Gudmund_male = { Gudmund Guthmund Guðmundr }
Gudovan_male = { Gudovan Gotòvano Godouan }
Gudröd_male = { Gudrød Gudröd Guðröðr }
Guenfan_male = { Yueffanu Guenfanu Guenfan }
Gugwa_male = { Gugwa }
Guichard_male = { Guichard Wichard Guichardus }
Guiges_male = { Guiges }
Guji_male = { Guji }
Gum_male = { Gum }
Gundemar_male = { Gundemar Gudemar }
Gundoald_male = { Gundoald Gombau }
Gunnar_male = { Gunnar Gunnarr }
Gunthamund_male = { Gundamundu Gunthamund Yudamudu }
Guntharic_male = { Guntharic Yudélyu Guntrigu }
Guor_male = { Guor }
Gustav_male = { Gustav Gustaf }
Gutuater_male = { Gutuater Gutouar }
Guy_male = { Guido Guigues Guidone Gui Guij Guy Wit Vítek }
Gwerthern_male = { Gwerthern Guerdhérn Vèrtérno }
Gwidyr_male = { Gwidyr Vètoro Guedor }
Gwijde_male = { Gwijde }
Gwrfawr_male = { Gwrfawr }
Gwrgeneu_male = { Gwrgeneu }
Gwrgi_male = { Gwrgi }
Gwydre_male = { Guítri Gwydre Vétris }
Gwylyddyn_male = { Gwylyddyn Vélodino Guílodhin }
Gyllad_male = { Gyllad Gellá Gièllado }
Habib_male = { Habib }
Hadi_male = { Hadi }
Hadrian_male = { Adrian Hadrianus Hadrian Adrany }
Hadrianus_male = { Adreanu Hadrianus }
Haetilius_male = { Haytili Haetilius }
Hafiz_male = { Hafiz }
Hajar_male = { Hajar }
Hakam_male = { Hakam }
Hakim_male = { Hakim Hakeem }
Hakon_male = { Hakon Håkon Håkan Hacon }
Halbeorn_male = { Halbjörn Halbeorn }
Haldita_male = { Haldita }
Hali_male = { Hali }
Halsten_male = { Halsten }
Hamad_male = { Hamad Hamadi }
Hamelin_male = { Hamelinus Hamelin }
Hamid_male = { Hamid }
Hamidi_male = { Hamidi }
Hamisi_male = { Hamisi }
Hammada_male = { Hammada }
Hamzah_male = { Hamzah }
Hanif_male = { Hanif }
Hans_male = { Hans }
Haoniyao_male = { Haoniyao }
Harold_male = { Harold Harald Haraldr }
Harsa_male = { Harshapala Harsa }
Harvey_male = { Harvey Huiarnviu }
Hasan_male = { Hassan Hasan Abdul-Hasan Xassan Hesen }
Hashim_male = { Hashim }
Hassaballah_male = { Hassaballah }
Haxamanish_male = { Haxamanish }
Hazarasp_male = { Hazarasp Hezarhesp }
Hector_male = { Hector Eitor }
Helge_male = { Oleg Helge Helgi }
Helias_male = { Alias Helias }
Heliodoros_male = { Heliodoros }
Henry_male = { Enrico Heimericus Hynek Jindrich Henri Henrik Henryk Harri Herri Hendrik Henricus Heinrich Enric Henrique Hanri Henry Enrique Énri }
Heptaporis_male = { Eptapori Heptaporis Éutapuri }
Heracles_male = { Èrcollu Erclwf Ercullu Herculius Herakleios Eryuzu Heracles Erekle }
Herakles_male = { Heracles Herakles }
Herbert_male = { Herbertus Hereberht Herbert }
Herculius_male = { Ercullui Hercule Herculius Ercuy }
Hereweald_male = { Herewallt Hereweald }
Herman_male = { Emmanu Herman Hermann Ermanu }
Hieronymos_male = { Hieronymos Hieronymus }
Hilary_male = { Hilarius Hilary }
Hildebert_male = { Hildebertus Hildebert }
Hilderic_male = { Hilderic Idderigu Érreréyu }
Hilderik_male = { Hilderik }
Hilderith_male = { Hilderith Érrerédu Idderidu }
Hirapala_male = { Hirapal Hirapala }
Hishi_male = { Hishi }
Hjalmar_male = { Hjalmar }
Hodari_male = { Hodari }
Holmger_male = { Holmger }
Homer_male = { Homer Omer }
Honorius_male = { Unoriu Ynyr Honorius Onorik Onoriui Unury }
Hooshyar_male = { Xušyar Hooshyar }
Horatius_male = { Horatius Oregé Orazéo Horatio }
Hormazd_male = { Hurmiz Hormizes Hormazd }
Hormoz_male = { Hormoz }
Hossein_male = { Hossein Hosen }
Hugh_male = { Hug Ugo Áedán Hugh Hugo Uc Aethon Huges Ugu Yu Ugues Aeddan Hoël Áed Hugues Huw }
Humbert_male = { Humbert Ubert Uberto Ubertino Umberto Humbertus }
Hume_male = { Hume }
Hummay_male = { Hummay }
Hunawilja_male = { Nuéza Hunawilja Unuilla }
Huneric_male = { Unerigu Nereyu Huneric }
Husayn_male = { Husayn Hussain }
Hussayn_male = { Hussein Xuseen Hussayn Huseyn }
Hussein_male = { Hisên Hussein }
Hyacinth_male = { Hyacinth Jacek Jacenty }
Hywel_male = { Hywel Éuel Évélo Hoel }
Iantullos_male = { Iantullos Iantullus }
Iantumaros_male = { Iantumarus Iantumaros }
Ibedou_male = { Ibedou }
Ibrahim_male = { Ibrahim }
Icco_male = { Icco }
Idfael_male = { Idfael Édhoual Édòvalo }
Idnerth_male = { Idnerth }
Idris_male = { Idris }
Idwal_male = { Idual Idwal }
Idwallon_male = { Iduallon Idwallon }
Igider_male = { Igideru Igider Yederu }
Ignatius_male = { Inácio Emnatsui Éuñasy Innatziu Zegota Énnadzéu Ignatius Ignatios }
Ilianos_male = { Ilianos Yllian }
Ilianus_male = { Ellanui Ilianus Eany }
Ilyas_male = { Ilyas }
Imam_male = { Imam }
Imamu_male = { Imamu }
Imanish_male = { Imanish }
Indra_male = { Indre Indra }
Indrapala_male = { Indrapal Indrapala }
Indutios_male = { Endut Indutios }
Ingir_male = { Ingir }
Ingolf_male = { Inge Ingolf }
Ingvar_male = { Yngvar Igor Inwær Ingvar }
Inigo_male = { Wannaqo Inigo Enneco }
Innocent_male = { Innocentius Innocent }
Iohannes_male = { Iohannes Iuani Ioañi Iohannis }
Iomatios_male = { Iomatius Iomatios }
Iorweth_male = { Iorweth Éorué Éorveto }
Iovianus_male = { Ioueanui Iuveanu Iovianus Iueany }
Irkin_male = { Irkin }
Is'mail_male = { Is'mail Ismacil }
Isa_male = { Isa Cisse }
Isaac_male = { Ishaq Sahag Isaac Issa Ittac Yitzhak }
Isaiah_male = { Zaia Isaiah }
Isarnus_male = { Isarnus Esarnui Esarny }
Ishaku_male = { Ishaku }
Ishkhan_male = { Ishkhan Ishkhanik }
Isidore_male = { Isidorio Isidore }
Isingoma_male = { Isingoma }
Ismail_male = { Ismail Isma'il Îsmaîl Esma'il Is'mail }
Ismaila_male = { Ismaila }
Israel_male = { Israel Yisra'el }
Issa_male = { Ésse Issa Éhe }
Issachar_male = { Yissakhar Issachar }
Ithel_male = { Ézilo Ithel Égil }
Itto_male = { Itto }
Itucos_male = { Itucos Itucus }
Itulos_male = { Itulus Itulos }
Iudila_male = { Giudila Iudila Hudéla }
Iulianus_male = { Iulianus Iulleanui Iueany }
Iulius_male = { Iulius Iullui Giulio Iuy Giulí }
Iunius_male = { Iunius Iuñui Iuy }
Iustinianus_male = { Iustinianus Iusheieany Iuscheñeanui }
Iustinus_male = { Iustiny Iustinus Iustinui }
Iustus_male = { Iustus }
Ivar_male = { Ifor Ivor Ivar }
Iverix_male = { Yvery Iverix }
Izzo_male = { Izzo }
Jabari_male = { Jabari }
Jachin_male = { Jachin Yachin }
Jacob_male = { Chaime Jaakoppi Iacobus Tiago Jaime Jacob Yakov Iago Iacobino Jacco Jacomelo James Diogo Akiba Jákob Chaacko Yaakov Hayobu Iakov Iacob Ya'qob Jakez Jacobino Akiva Diego Iakobos Jacobello Jacop Giacomo Jacopo Jaksa Yaqub Jakusz Giagobu Jaume Yakob Jacobo Jacme Jakub Ya'qub Jacques Jakob }
Jafari_male = { Jafari }
Jaganpala_male = { Jaganpal Jaganpala }
Jagatpala_male = { Jagatpal Jagatpala }
Jagdeva_male = { Jagdev Jagdeva }
Jaha_male = { Jaha }
Jahandar_male = { Cehandar Jahandar }
Jahangir_male = { Cehangir Jahangir }
Jahanshah_male = { Cehanšah Jahanshah }
Jair_male = { Jair Yair }
Jaitrasimha_male = { Jaitra-Singh Jaitrasimha }
Jal_male = { Jal }
Jalil_male = { Jalil }
Jamal_male = { Jamal }
Jamel_male = { Jamel }
James_male = { Hayo Giago James }
Jamne_male = { Jamne }
Jamshid_male = { Cemšîd Jamshid }
Jaramogi_male = { Jaramogi }
Jaramongi_male = { Jaramongi }
Jaromir_male = { Jaromar Jaromir Jaromír }
Jaroslav_male = { Jaroslaw Jaroslav Jarisleif Yaroslav }
Jasapala_male = { Jasapala Jaspal }
Jatanpala_male = { Jatanpala Jatanpal }
Jatau_male = { Jatau }
Javanshir_male = { Javanshir Juanshir }
Javeed_male = { Javeed Cevid }
Jayantavarman_male = { Cayantavarman Jayantavarman }
Jayaraja_male = { Ajairaja Jayaraja }
Jayasimha_male = { Jay-Singh Jayat-Singh Jayasimha }
Jehiel_male = { Jehiel Yehiel }
Jehudi_male = { Yehudi Jehudi }
Jela_male = { Jela }
Jelani_male = { Jelani }
Jengo_male = { Jengo }
Jeremiah_male = { Jeremiah Ieremias }
Jeremy_male = { Germias Jeremy }
Jerome_male = { Gierominu Jerome Heroménu }
Jesse_male = { Yishai Hoase Hoasse Hoassi Jesse }
Jesus_male = { Eisow Iêsous Yiswe Isa Jesus }
Jhetpala_male = { Jhetpala Jhetpal }
Jibril_male = { Jibril }
Jimatvande_male = { Jimatvande }
Jina_male = { Jina }
Joab_male = { Yoav Joab }
Job_male = { Iyob Job }
Joel_male = { Joel Yoel }
Johan_male = { Johan Yohanna Yohance }
John_male = { Janos Jehan Ioane Jovan Janislaw Oanu Ioannes Giohanne Yayyo Ieuan Ioan Seán Ivan Janusz János Zanino Giovanni Iuan Janis Hoanne Iouan Yahya Yovxan Joan Johann Iuanne Johan John Jan Hovhannes Jean Sian Jehane João Nanino Yochanan Yohannaan Yunanis Chuan Jon Seoán Yann Yohannan Eon Hanus Janko Vanni Johannes Iôannês Gian Juan Iohannes Juvven Youkhanna Yovhannes }
John-Alphonse_male = { Juan-Alfonso John-Alphonse Joan-Alfons }
Johnathan_male = { Yovnatan Johnathan }
Jok_male = { Jok }
Jonah_male = { Jonah Iôannou Yonah }
Jonas_male = { Ionas Jonas }
Jonathan_male = { Yonatan Yoni Jonathan }
Joram_male = { Joram Yoram }
Jordan_male = { Jord Jordan Iordanes Yarden Jourdain Jordà }
Jordanes_male = { Jordanes Iordanes Xurdan }
Joscelin_male = { Ioscelinus Gaucelin Josselin Joscelin Iocilin Geosselin }
Joseph_male = { Josip Youssouf Iosephus José Yosef Josif Yosip Joseph Yousef József Youssef Hovsep Iosep Ioseph Jozef Yusif Yusuf Hoseu Józef Giosefu }
Joshua_male = { Yehoshua Joshua Kossy Yeshua }
Jubal_male = { Yuval Jubal }
Judah_male = { Yehudah Judah }
Judicael_male = { Iudoc Iudicaelh Iodoc Judicael }
Judikael_male = { Gael Judikael }
Juk_male = { Juk }
Julian_male = { Júlio Iullanu Julião Sulien Ioulianos Chulián Sulian Jiolian Julian Julien Huzanu Juliusz Iulianus Julián Giullanu }
Julianus_male = { Julianus Yulyaneh }
Julius_male = { Giullu Yuli Jules Iulius Huzu Iullu Julius Ioulios }
Juma_male = { Juma }
Jumaane_male = { Jumaane }
Junius_male = { Iuñu Junius }
Justin_male = { Giustinu Gestin Justin Iestan Iustinus Ioustinos Iestyn Iustinu Hustenú }
Justinanius_male = { Justinanius Stinian }
Justinian_male = { Giustinianu Iustinianus Iustieñanu Husténéanu Justinian Ioustinianos }
Justus_male = { Giustu Hustu Justus }
Kabe_male = { Kabe }
Kaday_male = { Kaday }
Kadir_male = { Kadir }
Kado_male = { Kado }
Kailaspala_male = { Kailaspal Kailaspala }
Kajwang_male = { Kajwang }
Kakhopala_male = { Kakhopala Kakhopal }
Kalge_male = { Kalge }
Kallinikios_male = { Kallinikios Kalinikos }
Kallistos_male = { Kallistos Callistus }
Kallistratos_male = { Kallistratos }
Kamalgi_male = { Kamalgi }
Kamanda_male = { Kamanda }
Kamari_male = { Kamari }
Kambuyija_male = { Kambuyija }
Kamil_male = { Kamil }
Kanajeji_male = { Kanajeji }
Kanak_male = { Kanak Kanakk }
Kanaka_male = { Kanake Kanaka }
Kandala_male = { Kandala }
Kanemi_male = { Kanemi }
Kano_male = { Kano }
Kanvarpala_male = { Kanvarpal Kanvarpala }
Karbagari_male = { Karbagari }
Kareem_male = { Kareem }
Karim_male = { Karim }
Karl_male = { Cuarl Karl Karlo }
Karnadeva_male = { Karnadeva Karandeva }
Kasefroge_male = { Kasefroge }
Kashim_male = { Kashim }
Kastor_male = { Kastor }
Kasu_male = { Kasu }
Katakarmabe_male = { Katakarmabe }
Katsina_male = { Katsina }
Katur_male = { Katur }
Kavoos_male = { Kavoos Kâvus }
Kenneth_male = { Ciniod Kenneth Cináed }
Kentigern_male = { Cyndeyrn Kentigern }
Kereenyaga_male = { Kereenyaga }
Kerses_male = { Kerses Cièrsie }
Kerza_male = { Cièrsa Kerza }
Ketriporis_male = { Ciètripore Ketriporis }
Keykhosrau_male = { Keykhosrau Kaikhosro Keyxusrew }
Keykhosrow_male = { Keykhosrow Xeykhosrow }
Khafif_male = { Hafif Khafif }
Khairi_male = { Khairi }
Khalfani_male = { Khalfani }
Khalifa_male = { Khalifa Khalifah }
Khalil_male = { Khalil }
Khamus_male = { Khamus Khamisi }
Khari_male = { Khari }
Kharmandar_male = { Kharmandar Xarmandar }
Khashayar_male = { Khashayar Xašayar }
Khetrapala_male = { Khetrapal Khetrapala }
Khodadad_male = { Khodadad Xwedadad }
Khosrau_male = { Xusrew Khosrau Khosrov }
Khosrow_male = { Xosrov Khosrow }
Khudayar_male = { Xwedayar Khudayar }
Khurshid_male = { Khurshid Xuršîd }
Kibwe_male = { Kibwe }
Kiir_male = { Kiir }
Kiratpala_male = { Kiratpala Kiratpal }
Kirtivarman_male = { Kirtivarman Keerti-Verma }
Kisoki_male = { Kisoki }
Kito_male = { Kito }
Kitwana_male = { Kitwana }
Kiurike_male = { Kiwrike Kiurike }
Kiyari_male = { Kiyari }
Kleon_male = { Kleon }
Knut_male = { Knut Cnut Kuuti Knud }
Kobe_male = { Kobe }
Kofi_male = { Kofi }
Kolbein_male = { Colban Kolbein }
Kolbeorn_male = { Kolbeorn Kolbjörn }
Koloman_male = { Kolomanu Koloman Kolman }
Koman_male = { Koman }
Konrad_male = { Koenraad Konrad Kuno Corrado Cenræd Konrád }
Kopa_male = { Kopa }
Kopperunchinga_male = { Kôpperuñcimman Kopperunchinga }
Korau_male = { Korau }
Kosom_male = { Kosom }
Kosu_male = { Kosu }
Kovu_male = { Kovu }
Koydin_male = { Koydin }
Kresimir_male = { Kresimar Kresimir }
Krzeslaw_male = { Kresisleif Krzeslaw }
Ku_male = { Ku }
Kual_male = { Kual }
Kuende_male = { Kuende }
Kukne_male = { Kukne }
Kukuna_male = { Kukuna }
Kulasekhara_male = { Kulacêkara Kulasekhara }
Kulasekharan_male = { Kulasekharan Kulacêkaran }
Kulong_male = { Kulong }
Kulothunga_male = { Kulôttunka Kulothunga }
Kumbari_male = { Kumbari }
Kunwar_male = { Kunwarpal Kunwar }
Kuol_male = { Kuol }
Kur_male = { Kur }
Kura_male = { Kura }
Kuri_male = { Kuri }
Kuru_male = { Kuru }
Kuti_male = { Kuti }
Kuwaana_male = { Kuwaana }
Kwame_male = { Kwame }
Kwanzaa_male = { Kwanzaa }
Kyprianos_male = { Kyprianos Gébréanu Ciprianu }
Kyriakos_male = { Kyriakos Kuriakos }
Labongo_male = { Labongo }
Lakshmanadeva_male = { Lakshmana Lakshmanadeva }
Lambert_male = { Lambert Lamberto }
Lang_male = { Lang }
Lanhjin_male = { Lanhjin }
Lanval_male = { Lenoual Lanòvalo Lanval }
Laurence_male = { Lorenzo Laurence Lars Laurènç Lurentziu Laurentiu Lur?dzéu Laorans Laurentius Laurentios Wawrzyniec Lauri }
Laurentius_male = { Laurentsui Lorensy Laurentius }
Lavos_male = { Lavus Lavos }
Lawrence_male = { Lawrence Laurenso }
Lazarus_male = { Lazarz Lazarus Laszio Lazar Lazare Lazer Lazaros Lazaro }
Lech_male = { Lech Lekr }
Leo_male = { Lleu Llo Levan Levon Lev Leon Leone Lenuzo Iu Leo }
Leon_male = { Llew Leon Liaun }
Leonard_male = { Leonard Leonhardus }
Leonnorios_male = { Leonnorios }
Leontios_male = { Leontios Leontius }
Leontius_male = { Iunsy Leõdzéu Leontius Leontziu Leontios Lionce Llonciu Llontsui }
Leszek_male = { Leszek Lesjek }
Leudonus_male = { Leudonus Léodono Léodhon }
Leukos_male = { Luc Leukos }
Liberius_male = { Liberius Iebery Lleberiui Llibieriu }
Licat_male = { Léged Lécato Licat }
Liccaios_male = { Liccaius Liccaios }
Licinius_male = { Llecieñu Licinius Iesheiy Llecheñui }
Ligessac_male = { Ligessac Légièssaco Légehey }
Likayik_male = { Likayik }
Livius_male = { Lévéo Livius Léue }
Lladarn_male = { Ledharn Lladarn Ladarno }
Llanval_male = { Lenoual Lanòvalo Llanval }
Llyr_male = { Lério Llyr Léri }
Llywarch_male = { Llywarch }
Llywelyn_male = { Llywelyn Lòélino Loélin }
Longinus_male = { Longiéno Longinos Longén Longinus }
Lostoiekos_male = { Lostoiekos }
Lothair_male = { Hlothere Clotaire Lot Lothair Lothaire }
Lothaire_male = { Lothar Lothaire }
Lothar_male = { Lothar Lotharius Lot }
Lotto_male = { Lotto }
Louernios_male = { Louerny Louernios }
Louis_male = { Loui Lajos Loeiz Luis Louis Lodewijk Luís Clydog Ludvig Loïs Ludwig Ludvik }
Lucas_male = { Lucas Lukaz Luga Luya }
Lucco_male = { Lucco }
Lucius_male = { Luqi Lushy Luis Luki Luciu Lucjan Lugiu Lucian Luyéu Lucius Lugí Luchui Lles Lucio }
Lucretius_male = { Lucrici Lucretius Locrézio Locrégí }
Luctemarus_male = { Loidemar Loitèmaro Luctemarus }
Luke_male = { Lucas Lukose Luke Loukas }
Luol_male = { Luol }
Lupo_male = { Vuk Loup Lop Lupus Lubb Lope Llop Gurgen Lopo Lupo }
Lupus_male = { Lopus Lupus }
Lutatios_male = { Loutatios Lutatios }
Lwanda_male = { Lwanda }
Ma'na_male = { Ma'na Magna }
Mabior_male = { Mabior }
Macabee_male = { Macabee Maccabee }
Maccus_male = { Maccus }
Machok_male = { Machok }
Macrinus_male = { Makrineh Macrinus }
Madacus_male = { Madacui Madacus Madzhacy }
Madhol_male = { Madhol }
Mading_male = { Mading }
Madog_male = { Madog Madoe Madoco }
Madu_male = { Madu }
Mael_male = { Mélo Mél Mael }
Maelfin_male = { Maluin Maelfin Malvino }
Maelgore_male = { Malcòro Maelgore Malcor }
Maelgwyn_male = { Maelgwyn Maluin Malvino }
Maelgyr_male = { Malcoro Maelgyr Malcor }
Maelog_male = { Maelog Mailoc Maeloc }
Magalos_male = { Magalos Magel }
Magalus_male = { Magalus Magarui Madzhary }
Magara_male = { Magara }
Magjin_male = { Magjin }
Magnus_male = { Mannu Megistos Máuny Mamnu Magne Magnus Mamnui }
Mahdi_male = { Mahdi }
Mahendra_male = { Mahendra Mahendrapala }
Mahendrapala_male = { Mahendra Mahendrapala Mahendrapal }
Mahendravarman_male = { Mahendravarman Makêntiravarman }
Mahipala_male = { Mahipala Mahipal }
Mahmud_male = { Maxamud Mehmûd Mohamooda Mahmoud Mahmud }
Mailth_male = { Mailth }
Majak_male = { Majak }
Makarius_male = { Makarios Makarius }
Makhak_male = { Makhak }
Malachi_male = { Mal'akhiy Malachi }
Malaine_male = { Maléno Melín Malaine }
Malam_male = { Malam }
Maland_male = { Maland }
Malaz_male = { Malaz }
Malcolm_male = { Maelcwn Maelchon Malcolm }
Maldred_male = { Maldred }
Maleio_male = { Maleio }
Malik_male = { Malik }
Malise_male = { Malise Máel-Íosa }
Malkhas_male = { Malkhazi Malkhas }
Malmure_male = { Malmure }
Mamane_male = { Mamane }
Manasseh_male = { Manassès Menashe Manasseh }
Manasses_male = { Manasses }
Manfred_male = { Manfred Matfre }
Mansur_male = { Mensûr Mansur }
Manuchihr_male = { Manuchehr Menûçihr Manuchihr }
Manuel_male = { Manuel Manoel Emmanuèl Emmanuele Manuele }
Manushihr_male = { Manushihr Menûšihr }
Manute_male = { Manute }
Manyel_male = { Manyel }
Mapon_male = { Mepon Mapono Mapon }
Maravarman_male = { Mâravarman Maravarman }
Marcellinus_male = { Marcièllinu Marcellinus Marsheliny Marchelinui }
Marcellus_male = { Marcherui Marcièllo Marcellus Marcièllu Marshery Maryezu Martzel Margellu Margelle Marcello }
Marcianus_male = { Marcheanui Meirchion Marcianus Marsheany Marcianu }
Marcius_male = { Marqi Marcius }
Marcomagnus_male = { Marcomamnui Marcomagnus Marcumáuny }
Marcus_male = { Miarcy Marco Markose Marcus Mark Marcu Marko Marek Morcar Marchus Marcui Marc Margos March Markos Márk Markus }
Mardoc_male = { Mardoc Mardhoe Mardoco }
Marduniya_male = { Marduniya }
Mared_male = { Meréd Maréto Mared }
Marial_male = { Marial }
Marianus_male = { Marianos Merían Marianus Maréano Meirion }
Marinus_male = { Mariny Marinu Marien Marinui Marinus }
Marius_male = { Merí Marius Marianu Maréanu Marios Mari Mariui Miary Mario Marianus Mariano Mariu Maréu Marin Marian }
Mark_male = { Marqeh Mark Marcus Maryu Marc March Markos Margu }
Maro_male = { Maro }
Marsus_male = { Marsus Marseh }
Martial_male = { Martial Martialis }
Martin_male = { Marzhin Muerten Mertinus Marcin Martín Mardénu Martim Márton Martinu Martino Martinho Maertijn Martinus Myrddin Martila Martin }
Martinus_male = { Martinu Martinus Martiny Martinui }
Martiya_male = { Martiya }
Martyrius_male = { Martyrius Martyrios }
Marwan_male = { Marwan Merwan }
Marzuban_male = { Merzuban Marzuban }
Masguinu_male = { Masguinu Mashuénu Mascuinu }
Mashad_male = { Mashad }
Masud_male = { Mesûd Masud }
Masuna_male = { Massuna Masuna }
Matad_male = { Madog Matad }
Maternus_male = { Maternus Maderno }
Mathiang_male = { Mathiang }
Matthew_male = { Matija Mattithyahu Mattityahu Mads Mapheo Math Maddeu Mattu Matthias Macko Matej Maciej Matteo Matti Matte Mátyás Mafeo Matteu Maththias Matei Matiya Mathieu Mateusz Matthaeus Matthaios Matta Mateu Mathias Matfei Mats Matthew Matous Mazhe Matias Matheo }
Maulidi_male = { Maulidi }
Maurice_male = { Mauric Meurig Maurice }
Mauritius_male = { Mauritius Maurice }
Maurus_male = { Muru Mouro Maurus }
Mawgan_male = { Mawgan Maugan }
Maximianus_male = { Mapsemeanui Mehémien Mapsemeanu Máusemeiany Massémiano Maximianus }
Maximilian_male = { Mashémézanu Mascimillanu Maximilian }
Maximinus_male = { Maximinus Máuseminy Mapseminu Mapseminui }
Maximos_male = { Macsen Maximos }
Maximus_male = { Massen Maisme Mapsemui Mashému Mascimu Mapsemu Mehém Maksineh Máusemy Maximos Maximus Massémo }
Mayen_male = { Mayen }
Mayom_male = { Mayom }
Mazigh_male = { Mazéyu Mazigu Mazigh }
Mbai_male = { Mbai }
Mbakin_male = { Mbakin }
Mbita_male = { Mbita }
Meayge_male = { Meayge }
Meewge_male = { Meewge }
Meilyr_male = { Méliro Mílir Meilyr }
Meirion_male = { Mériòno Míríon Meirion }
Melgwn_male = { Maelgwn Melgwn }
Menas_male = { Menas Mina }
Mendo_male = { Mem Menendo Mendo }
Mercurius_male = { Merguriu Merkourios Meryureu Merquri Mercurius }
Merfyn_male = { Merfyn Mérveno Méruen }
Meriadoc_male = { Mírédoe Meriadoc Meriadec Meiriadog Mériatoco }
Meric_male = { Meric Méré Méréco }
Merovech_male = { Merovech Mervig }
Messor_male = { Messor }
Metaxas_male = { Metasca Medasha Metaxas }
Metaxus_male = { Methaqseh Metaxus }
Meurig_male = { Meurig Murico Murí }
Mhina_male = { Mhina }
Michael_male = { Mikko Michaêl Mihangel Mihály Mikael Mikhail Mikha'il Micael Miccelu Michele Michael Mikha'el Mikkel Mikayel Mihail Mihial Méggelu Miquel Mikheil Mihael Mikhael Miguel Mikail Michaleto }
Migali_male = { Migali Méyalé }
Mihrdad_male = { Mithradates Mihrdad }
Milad_male = { Milad }
Milobrat_male = { Milobrat }
Milosz_male = { Milosz Milos }
Minac_male = { Minac Ménaco Míney }
Mindika_male = { Mindika }
Mindiwo_male = { Mindiwo }
Minni_male = { Minni }
Miroslav_male = { Miroslav Marosleif Miroslaw }
Mirza_male = { Mirza Mîrza }
Mithridates_male = { Mihrdat Mithridates Mithradatha }
Mocio_male = { Mogio Mocio }
Modu_male = { Modu }
Mogetios_male = { Mogetius Mogetios }
Mommos_male = { Mommos Mommus }
Monnos_male = { Monnus Monnos }
Montissios_male = { Montissius Montissios Muntissius }
Morad_male = { Murad Morad }
Mordred_male = { Medrod Mordred }
Morfans_male = { Mòrvans Moruan Morfans }
Morfarch_male = { Morfarch }
Morgan_male = { Morgan Morcant }
Morgen_male = { Morien Morgen }
Morien_male = { Morien Mòriéno Morín }
Morridig_male = { Mòrrizico Morridig Morrigé }
Moses_male = { Moussa Mouses Moyses Movses Musa Moses Moshe }
Mosgaitos_male = { Mosgaitus Mosgaitos }
Mosi_male = { Mosi }
Moyo_male = { Moyo }
Mpuga_male = { Mpuga }
Mshindi_male = { Mshindi }
Msia_male = { Msia }
Mstislav_male = { Mscislaw Mstislav }
Mucapius_male = { Mucapiui Mucapius Muchapiy }
Mufasa_male = { Mufasa }
Mufioma_male = { Mufioma }
Mugedi_male = { Muyedé Mugedi }
Muhamad_male = { Mahammad Muhamad }
Muhammad_male = { Mihemed Muhammad Mamlan Mohammed Maxamed }
Muhammed_male = { Mahammad Muhammed }
Muhsin_male = { Muhsin }
Mukaboris_male = { Mucapore Mukaboris }
Mukapius_male = { Mukapius Mucapiu }
Mukhtar_male = { Mukhtar Muqtar }
Mungo_male = { Mwyn Mungo }
Munio_male = { Monnio Munio Muno Muño Monio Munyo }
Muné_male = { Muné }
Murama_male = { Murama }
Murdoch_male = { Muiredach Maredudd Murdoch }
Murtin_male = { Murtin }
Musa_male = { Musse Musa }
Mustafa_male = { Mustafa Moustafa Mistefa }
Mwinyi_male = { Mwinyi }
Myenye_male = { Myenye }
Mzuzi_male = { Mzuzi }
Nabil_male = { Nabil }
Nabur_male = { Naboro Nabur Nebor }
Nadab_male = { Nadav Nadab }
Nafata_male = { Nafata }
Naguji_male = { Naguji }
Nahir_male = { Nehor Nahor Nahir Oran Nahur }
Nahum_male = { Nachum Nahum }
Nanaifarn_male = { Nanaifarn }
Nanaydvar_male = { Nanaithvar Nanaydvar }
Nanda_male = { Nande Nanda }
Nandivarman_male = { Nandivarman Nantivarman }
Nanevante_male = { Nanevante }
Narasimhavarman_male = { Narasimhavarman Naracimmavarman }
Naravarman_male = { Naravarmandeva Naravarman Nar-Verma }
Narses_male = { Nerseh Nerse Narses }
Nasiens_male = { Nasiens Nagen }
Nasr_male = { Nasr Nesr Nasir }
Natale_male = { Nadual Natale }
Nathan_male = { Nathan Naiton Natan Neithon }
Nawata_male = { Nawata }
Nawshirwan_male = { Nawshirwan Nošîrwan }
Nayil_male = { Nayil }
Nazaki_male = { Nazaki }
Nazir_male = { Nesir Nazir }
Nechirwan_male = { Nêçîrvan Nechirwan }
Neema_male = { Neema }
Nemeto_male = { Nemeto }
Nemetos_male = { Nemetos Nemiet }
Nepos_male = { Nepoi Nepos }
Nepotianus_male = { Nepotianus Iepushany Nebotiano Ñepochanui Ñèputieanu }
Nero_male = { Nero Nír Néro }
Nertomaros_male = { Nertomarus Nertomaros }
Nerva_male = { Ñerva Ierua Nerva Ñerua }
Ngor_male = { Ngor }
Ngutu_male = { Ngutu }
Nibothak_male = { Nibothak }
Nicholas_male = { Nikolitu Nikolitza Nikola Nicholaus Nikolaos Mikulás Nigola Nicholas Niclaes Nicolaus Nicolo Colin Niels Nicolino Mikolás Nils Nikolaus Nikolaz Nikoloz Nicoleto Nicaul Néyola Mikolaj Claes Nicolas Nikolaj Niklas }
Nicodemus_male = { Nikodim Nicodemus }
Nicolas_male = { Nikolaos Nicolas }
Nicolaus_male = { Nicholaus Nicolaus }
Nigel_male = { Neil Nigel Niall }
Nikale_male = { Nikale }
Ninian_male = { Ninian }
Nipak_male = { Nipak }
Nirupatonkavarman_male = { Nirupatonkavarman Nirupatunkavarman }
Nithan_male = { Nithan }
Nivios_male = { Nivios Nivius }
Nkosi_male = { Nkosi }
Noah_male = { Noah Noach }
Nohir_male = { Nohir }
Nomau_male = { Nomau }
Nonnos_male = { Nonnus Nonnos }
Nowy_male = { Nowy }
Nubel_male = { Nubel Nubelu }
Nul_male = { Nul }
Numerianus_male = { Numereanui Numereany Numèreanu Numerianus }
Numerius_male = { Numerius }
Nuno_male = { Nuño Nunno Nuno Nunó }
Nyagilo_male = { Nyagilo }
Nyakonyolo_male = { Nyakonyolo }
Nyal_male = { Nyal }
Nyang_male = { Nyang }
Nyikang_male = { Nyikang }
Nyikango_male = { Nyikango }
Nyikaw_male = { Nyikaw }
Nyipur_male = { Nyipur }
Nyo_male = { Nyo }
Obadiah_male = { Obadiah Ovadia }
Obang_male = { Obang }
Obed_male = { Obed Oved }
Ocaki_male = { Ocaki }
Ochoa_male = { Otxoa Ochoa }
Octavianus_male = { Ottuianu Ídoían Octavianus Guitoien Útoeany Octaviano Odduyanu Optaueanui Oitauéano Uptaveanu }
Octavius_male = { Octavius Eudaf Octavio Optauiui Útoiy Guitoy Oitauéo Uptaviu Ídoé Outham }
Odd_male = { Oddr Odd }
Odera_male = { Odera }
Odhiambo_male = { Odhiambo }
Oduulf_male = { Dulu Odulfu Oduulf }
Odyek_male = { Odyek }
Offa_male = { Ofila Offa }
Ogier_male = { Olgerus Ogier }
Oginga_male = { Oginga }
Ogwang_male = { Ogwang }
Ojwaa_male = { Ojwaa }
Ojwang_male = { Ojwang }
Okapi_male = { Okapi }
Okello_male = { Okello }
Oki_male = { Oki }
Okiramaj_male = { Okiramaj }
Okot_male = { Okot }
Okoth_male = { Okoth }
Okubal_male = { Okubal }
Okwir_male = { Okwir }
Olaf_male = { Amlaíb Oluf Onlaf Olafr Olavi Olav Anlaff Olaf }
Oliechi_male = { Oliechi }
Olimi_male = { Olimi }
Oliver_male = { Oliver Olivier Álvar Àlvar Alvar Olier Oliverio Álvaro }
Olorix_male = { Olorix }
Olum_male = { Olum }
Omar_male = { Omar }
Omollo_male = { Omollo }
Onfroy_male = { Onfroi Onfroy Humfridus }
Ongora_male = { Ongora }
Onyango_male = { Onyango }
Ophir_male = { Ofir Ophir }
Ophrah_male = { Ophrah Ofra }
Opondo_male = { Opondo }
Opyene_male = { Opyene }
Ordono_male = { Ordonyo Ordonno Ordonho Ordoño Ordono }
Orestes_male = { Orestes }
Orestorios_male = { Orestorios }
Oreth_male = { Oreth Ored Orèto }
Origi_male = { Origi }
Orm_male = { Ormr Orm }
Oroba_male = { Oroba }
Orodes_male = { Orodes }
Orson_male = { Urso Orson }
Ortiagon_male = { Ortiagon }
Orvar_male = { Örvar Orvar }
Osman_male = { Osman }
Osmund_male = { Osmundo Osmund }
Osroes_male = { Osroes }
Osulf_male = { Osulf Oswulf }
Oswald_male = { Oswallt Oswald Usuullt }
Ot-tegin_male = { Ot-tegin }
Otieno_male = { Otieno }
Ottar_male = { Ottarr Ottar }
Otto_male = { Ottone Otton Ot Eozen Othon Eudon Odo Otto Eudes Ota Ebles Otho Odon Õdön }
Ouma_male = { Ouma }
Ovida_male = { Ovida Obidu Bédu }
Owain_male = { Ouín Owain Òvéno }
Owidi_male = { Owidi }
Owilli_male = { Owilli }
Owino_male = { Owino }
Owiny_male = { Owiny }
Oyoo_male = { Oyoo }
Pacorus_male = { Pacorus }
Padarn_male = { Pedarn Padarn Padarno }
Padern_male = { Padern Pedarn Paderno }
Pagadanus_male = { Pagadanus }
Pagan_male = { Pagan Payen Paganus Paien Paio }
Paladin_male = { Paladen Paladin }
Palladios_male = { Palladios }
Palumbos_male = { Palumbus Palumbos }
Pametos_male = { Pametos Pametus }
Pandaram_male = { Pantâram Pandaram }
Panes_male = { Panes }
Pantaleus_male = { Pantaleon Pantaleus }
Parakrama_male = { Parakrama Parâkkirama }
Parameswaravarman_male = { Paramêsvaravarman Parameswaravarman }
Paranirupasingham_male = { Paranirupacinkam Paranirupasingham }
Parankusan_male = { Parânkucan Parankusan }
Parantaka_male = { Parântaka Parantaka }
Pararajasekharan_male = { Pararâcacêkaran Pararajasekharan }
Parviz_male = { Parviz }
Pascal_male = { Pascal Bashalu Puoskal Pascalu Pasquale }
Pascalus_male = { Pascarui Paschary Pascalus }
Pascentius_male = { Pascentius Pasgen }
Pashang_male = { Pashang Pêšeng }
Pasquitan_male = { Pasquitan Pascueten }
Patale_male = { Patale Patalus }
Paterio_male = { Paterio }
Paternus_male = { Pidarnoin Paternus Padarn }
Patrick_male = { Pedric Patrik Patrick Patrikios Padrig Patrizio Patryk Podric Patric Pátraic }
Paul_male = { Paol Pavlos Paulus Paavo Paulu Pál Paulos Bulu Pawel Paulose Paolo Paulo Pol Boghos Pulu Paul Puol Pawl Pål Pavel Paolino }
Pauline_male = { Pauline Paulinus }
Paulinus_male = { Poliny Paullinu Paulinus Paulinui Polin }
Paulus_male = { Paule Paulo Pory Pol Paulus Paurui }
Pelagius_male = { Pelagius Pelayo Pelaio Pelagios Pelagio }
Pen_male = { Pen }
Pepin_male = { Pepin Pepi }
Perddel_male = { Pèrgiélo Perddel Pergil }
Peredur_male = { Pèrèturo Peredur }
Peredyr_male = { Pèrèturo Peredur Peredyr }
Peregrinus_male = { Beregrénu Peregrinu Peregrineh Peregrinus }
Peroz_male = { Pîroz Peroz }
Pertinax_male = { Pèrténais Perdénei Pertinax }
Peter_male = { Pedr Pêr Pathrose Pierre Berru Pere Pier Péter Peter Petri Pero Pietro Petr Petru Petro Boutros Petrus Bedros Peder Pedro Pèire Piotr Petre Pedur Cephas Piar Cephus Pieter Petros Petar }
Petronius_male = { Petroñui Petruy Patroñu Petronius }
Pharanses_male = { Faranshi Pharanses }
Philaretos_male = { Philaretos }
Philip_male = { Philipe Fulöp Philippe Filippo Felip Phillipus Piyliypaos Filipe Ffilip Filip Felipe Felleppu Pilib Philipp Philippus Philip Philippos Filipu Filips }
Philippus_male = { Philippus Feiepy Fellepui }
Phillip_male = { Phillip Pillipe }
Philopatros_male = { Philopatros }
Phinehas_male = { Pinchas Phinehas }
Phraates_male = { Phraates }
Phrataphernes_male = { Phrataphernes }
Pid_male = { Pid }
Pientissimus_male = { Pientissimus }
Pirillu_male = { Bérézu Pirillu }
Pius_male = { Pios Pius }
Placidius_male = { Placidio Placidius }
Platon_male = { Platon }
Plautus_male = { Plawteh Plautus }
Plinius_male = { Pliné Plinius Plinéo }
Plotinos_male = { Plotinos }
Pompeius_male = { Pompey Bobbiu Pumpeiu Pompeius Pompeiui Pompay Bobbéu Pumpey }
Pons_male = { Ponç Ponce Pons }
Pontentinus_male = { Pontentinus Potentinus }
Pontianus_male = { Punshany Pontianus Puntianu Ponchanui }
Pontius_male = { Pontius Ponsio Pongé Ponzéo }
Pontzu_male = { Pontziu Pontzu Bõdzéu }
Poppo_male = { Poppo Pappo }
Porcellu_male = { Boryezu Porgellu Porcellu }
Poseidonios_male = { Poseidonios }
Pravara_male = { Pravare Pravara }
Premysl_male = { Premysl Przemysl Przemyslaw Premisel }
Pretu_male = { Pretu Bredu }
Primus_male = { Prim Primo Primus Primeh }
Priscus_male = { Prescui Priscu Priscus Preis Prescy }
Pritampala_male = { Pritampala Pritampal }
Prithvi_male = { Prithvi Prithvipal }
Prithviraja_male = { Prithviraja Prithviraj Prithivipala Prithvipal }
Prix_male = { Prix }
Probus_male = { Probui Probus Pruby Probu }
Procopius_male = { Prokopios Procopius Prokop }
Profugus_male = { Prophigeh Profugus }
Ptolemaeus_male = { Ptolemaeus Tollemèui Tuiemièy }
Ptolemaios_male = { Tolemeu Ptolemaios }
Ptolemy_male = { Ptolemy Ptolemee }
Publius_male = { Publius Pubiy Publiu Publlui }
Pujman_male = { Pujman }
Pumbaa_male = { Pumbaa }
Pupa_male = { Pupa Buba }
Pusinnos_male = { Pusinnus Pusinnos }
Puviraja_male = { Puvirâca Puviraja }
Pylamenes_male = { Pylamenes }
Pytros_male = { Pytros Pitru }
Qishiq_male = { Qishiq }
Quadratus_male = { Quadratus Koädratos }
Quintilianus_male = { Quintilianus Quintiliano }
Quintius_male = { Quintius Quinto }
Quintus_male = { Cind Centy Cintu Quinto G?du Quintus Qwinteh Centui }
Quirinus_male = { Quirinus }
Radomir_male = { Radomar Radomir }
Radoslaf_male = { Radoslaf Radosleif }
Rafiki_male = { Rafiki }
Ragnar_male = { Ragnar Ragnarr }
Ragnarr_male = { Ranar Ragnarr }
Ragnfred_male = { Ragnfred Ragifred }
Ragnvald_male = { Ragnvald Rögnvaldr }
Rahad_male = { Rahad Rahid }
Rahula_male = { Rahule Rahula }
Raimbaut_male = { Raimbaut Raimbaldus }
Rainal_male = { Rínel Rainal Rénalo }
Raira_male = { Raira }
Rajabu_male = { Rajabu }
Rajadhiraja_male = { Irâcâtirâca Rajadhiraja }
Rajaditya_male = { Irâcâtitta Rajaditya }
Rajaraja_male = { Rajaraja Irâcarâca }
Rajasekhara_male = { Rajasekhara Irâcâcekara }
Rajasingan_male = { Irâcacimman Rajasingan }
Rajendra_male = { Rajendra Irâcêntira }
Raka_male = { Raca Raka }
Ralph_male = { Raolf Randolph Ralph Raoulf Raoul Radulphus Randolf Radulf Radolf Rædwulf }
Ramadhani_male = { Ramadhani }
Ramiro_male = { Remiro Ranimiro Ramiro }
Rampala_male = { Rampal Rampala }
Ramtish_male = { Ramtish }
Ranadhiran_male = { Ranatîran Ranadhiran }
Ranaditya_male = { Ranatitta Ranaditya }
Rangraja_male = { Rangraj Rangraja }
Rano_male = { Rano }
Raphael_male = { Arraél Raziel Raphael Rafael }
Rascus_male = { Rascy Rascui Rascus }
Rasheed_male = { Rasheed }
Rashid_male = { Rashid }
Rashidi_male = { Rashidi }
Rawwad_male = { Rawwad Revend }
Raymond_male = { Raimundo Reimund Rajmund Erramon Raimaun Remón Ramon Regimundus Ramón Raimond Raimondo Raymond }
Raymond-Berengar_male = { Ramon-Berenguer Raymond-Berengar Raimond-Berenguié }
Recared_male = { Reyaredu Regaredu Recared }
Recceswinth_male = { Recceswinth Reccesuinth Receswinth }
Redsatos_male = { Ressatus Redsatos Redsatus }
Redsomaros_male = { Ressimarus Redsomaros Restumaros }
Reginald_male = { Rægenweald Ranald Rheinallt Reginald }
Reginus_male = { Regineh Reginus }
Regulus_male = { Regulus Régolo Rígol }
Rehema_male = { Rehema }
Reinhold_male = { Rinaldo Rainaut Renaud Reinoud Reginaldus Reinhold Raynaud Rainold }
Rekeswinth_male = { Rekkeswind Rekeswinth }
Resus_male = { Resui Resy Resus }
Reuben_male = { Roupen Reuben Reuven }
Rhaskos_male = { Rhaskos Rascu }
Rhaskuporis_male = { Rhaskuporis Rascupore }
Rheskutorm_male = { Rascutormu Rheskutorm }
Rhesos_male = { Resu Rhesos }
Rhiwallon_male = { Rhiwallon Riouallon }
Riacet_male = { Riacet Riaged }
Ricenus_male = { Rhigeneu Ricenus }
Richard_male = { Ryszard Rekkared Ricardo Riccardo Ricard Rhicert Riku Richard Richardus }
Richwin_male = { Richwin }
Rigatikos_male = { Regetic Rigatikos }
Rigertus_male = { Régiérto Rigertus Regérd }
Ring_male = { Ring }
Riothamus_male = { Riothamus Riotham }
Risha_male = { Risha }
Riwal_male = { Riwal Rioual Rhiwal }
Robert_male = { Robèrt Robrecht Roparz Robert Robertus Rubert Ruprecht Hrodberht Roparzh Roberto Rhobert }
Robin_male = { Robin }
Roderick_male = { Ruderik Ruatirch Rodericho Roderigu Ruaidrí Roderick Rhydderch Rhodri Rodrigo Arroderéyu Rudri Roderic }
Rodericus_male = { Rodericus Rògiérico Roderiko Rogérí }
Roger_male = { Roger Rudger Rogier Rocher }
Rokhshan_male = { Rokhshan }
Roland_male = { Lachlan Roland }
Rolf_male = { Hrolfr Rolf }
Romaeus_male = { Romaeus }
Roman_male = { Romanu Arromanu Román Romanos Rumanu Romanus Rhufon Roman }
Romanus_male = { Romanici Rumiany Romanus Romanui Romain }
Romeus_male = { Romeus Romeo }
Romulus_male = { Romulu Rumury Arromulu Romurui Romoul Romulus }
Rong_male = { Rong }
Rorgues_male = { Rorges Rorgues }
Rostam_male = { Rostam Rustam }
Rostislav_male = { Rostisleif Rostislav }
Roubaud_male = { Roubaud Robaldus Rotbold }
Rowain_male = { Rowain Rouén Ròvéno }
Rucenus_male = { Ru Rhun Rucenus }
Ruffinus_male = { Ruffinus Gruffydd }
Rufinus_male = { Rufinus Rufiny Rufinu Urruénu Rufinui }
Rufus_male = { Rufus Rufo Rouphos Ruphus Ruf }
Rukidi_male = { Rukidi }
Rum_male = { Rum }
Rumfa_male = { Rumfa }
Rumo_male = { Rumo }
Rurik_male = { Rørik Rörek Hrörekr Rurik }
Ruscos_male = { Ruscus Ruscos }
Rustam_male = { Rostom Rustam }
Ruth_male = { Ruth Reth }
Rutilius_male = { Rusey Rutilius Urrudézu Rutiellu Rutillu Rutsellui }
Rwoth_male = { Rwoth }
Saba_male = { Sabba'e Saba Sava Sabah }
Sabinianus_male = { Sabiñanu Sabeñeanui Sabeany Sabinianus }
Sabinus_male = { Sabineh Sabinus }
Sabrisho'_male = { Sabr-Ishu Sabrisho' }
Sacer_male = { Sacer }
Sadayavarman_male = { Cataiyavarman Sadayavarman }
Safiri_male = { Safiri }
Sagi_male = { Sagi }
Said_male = { Saed Said }
Salehe_male = { Salehe }
Salene_male = { Salene }
Salih_male = { Salih }
Salim_male = { Salim }
Salvador_male = { Salvador Salvadór }
Salvator_male = { Sarbador Salvator }
Salvianus_male = { Salvianus }
Samanta_male = { Samant-Singh Samanta Samantasimha }
Samarasimha_male = { Samar-Singh Samarasimha }
Samaritanus_male = { Samaritanu Samarédanu Samaritanus }
Sambor_male = { Sambor Sambo }
Sami_male = { Samiy Sami }
Sammos_male = { Sammus Sammos }
Samogenos_male = { Samegen Samogenos }
Samognatus_male = { Samomnatui Samúñaty Samognatus }
Samson_male = { Shimshon Samson }
Samuel_male = { Samuhel Samoeli Sawyl Shmuel Samuel Sámuel }
Sanatruk_male = { Sanatruk }
Sancho_male = { Sancho Sanç Sante Sans Sanyo }
Sanctus_male = { Sandde Sanctus }
Sanda_male = { Sanda }
Sandasatrus_male = { Sandashatry Sandasatrui Sandasatrus }
Sani_male = { Sani }
Saraginu_male = { Sarayénu Saraginu }
Satres_male = { Satrei Satre Satres }
Satullos_male = { Satullos Satullus }
Saturninus_male = { Saturninui Saturñinu Saturninus Saturniny }
Saturnus_male = { Saturnus Sadunnu Saturnu }
Sauinas_male = { Suina Suéna Sauinas }
Sautes_male = { Saucie Sautes }
Savarik_male = { Savarik }
Savary_male = { Sabaricus Savary }
Savino_male = { Savino Savien }
Scilas_male = { Sherai Scilas Scherai }
Sebastian_male = { Sebastian Sebastiano Sebastián Sebastião Sebastianos Sebastiaen }
Secundus_male = { Sècondo Secundus Hecondhe }
Sedullus_male = { Sédollo Sedullus Gédholl }
Seervallabha_male = { Seervallabha Cîvallapa }
Seervallabhan_male = { Cîvallapan Seervallabhan }
Sef_male = { Sef }
Sefu_male = { Sefu }
Segarajasekaran_male = { Segarajasekaran Cekarâcacêkaran }
Segeric_male = { Segeric Sigeric Séréyu Segerigu }
Segermas_male = { Segermas }
Selma_male = { Selma }
Sempronius_male = { Shemproñui Shempruiy Sièmproñu Sempronius }
Septimius_male = { Sheptsemiui Sièptemiu Shéusemiy Septimius }
Septimus_male = { Septimo Sèttémo Septimus Hettím }
Seraph_male = { Seraénu Serafinu Seraph }
Serge_male = { Serge }
Sergius_male = { Sergios Sherdzhui Sarkis Sergius Serigi Sergiu Sièrgiu Sherzhy Sargis Seryéu }
Servius_male = { Serwi Servius }
Sesh_male = { Sesh }
Sestus_male = { Sestus Set Setto }
Severin_male = { Severin Seferus }
Severinus_male = { Sheuerinui Severinus Sièverinu Sheueriny }
Severus_male = { Sièveru Severus Severos Sewereh Sèvéro Gevér Sheuery Sheuerui }
Sextus_male = { Sèsto Shepstui Sièpstu Hesd Sistus Shéusty Siste Sexsteh Sextus }
Shadhi_male = { Shadhi Šadî }
Shahab_male = { Šahab Shahab }
Shahada_male = { Shahada }
Shahanshah_male = { Shahnshah Shanshe Šahenšah Shahanshah }
Shahbaz_male = { Shahbaz Šahbaz }
Shahin_male = { Šahin Shahin }
Shahram_male = { Šahram Shahram }
Shahrokh_male = { Shahrokh Šahrux }
Shahruz_male = { Šahruz Shahruz }
Shahryar_male = { Šahryar Shahryar }
Shani_male = { Shani }
Shapur_male = { Shapur Šapur }
Sharef_male = { Sharef }
Sharif_male = { Sharif }
Sharokh_male = { Shahrukh Shahrokh Sharokh }
Shartay_male = { Shartay }
Sharwin_male = { Sharwin Šarvin }
Shashere_male = { Shashere }
Shavur_male = { Shavur Šawur }
Shaw_male = { Shaw }
Shayan_male = { Šayan Shayan }
Shekarau_male = { Shekarau }
Shendi_male = { Shendi }
Shennu_male = { Shennu }
Sheraga_male = { Shraga Sheraga }
Shettima_male = { Shettima }
Shirkuh_male = { Shirkuh Šîrkûh }
Shomari_male = { Shomari }
Shua_male = { Shu Shua }
Shuaeib_male = { Shuaeib }
Siddhartha_male = { Siddhartha Siddharthe }
Siddick_male = { Siddick }
Sidi_male = { Sidi }
Siegfried_male = { Sigefrid Siegfried }
Sigbeorn_male = { Sigbjörn Sigbeorn }
Sigebert_male = { Sigebert }
Sigeric_male = { Séyeréyu Sigerigu Sigeric }
Sigewin_male = { Sigewin Seguwin }
Sigismond_male = { Sigismond Sismaun }
Sigmund_male = { Sigismundus Sigmund Zygmunt Zsigmond Siegmund Zikmund Sigismond }
Sigurd_male = { Sigurðr Siweard Sigurd }
Silvanus_male = { Silvanus Silvano }
Silvester_male = { Szilveszter Silvester }
Simba_male = { Simba }
Simhavishnu_male = { Simhavishnu Cimmavisnu }
Simon_male = { Simaun Simion Simon Jimeno Simeoni Ximeno Symeon Shimon Simone Shem'on Simeon Simó Sembe Simoneto Sémon }
Simplicius_male = { Simplicius }
Sina_male = { Sina }
Sinatos_male = { Sinatos }
Singhabahu_male = { Singhabahu Cinkapâku }
Sinorix_male = { Sinorix }
Sisinnios_male = { Sisinnios }
Sisinnius_male = { Sésénnéu Sisinniu Sisinnius }
Sisupala_male = { Sisupala Sisupal }
Siwazuri_male = { Siwazuri }
Skarbimir_male = { Skarbimar Skarbimir }
Skaris_male = { Scare Skaris }
Skilas_male = { Skilas Scila }
Skule_male = { Scule Skule Skuli }
Smbat_male = { Sumbat Smbat }
Smertomaros_male = { Smertomaros }
Smertorix_male = { Smertorix }
Sobeslaus_male = { Sobesleif Sobieslav Sobeslaus }
Solomon_male = { Salman Selevan Suleyman Sulayman Salmama Salomon Shlomo Solomon Selyf Solomôn }
Sonpala_male = { Sonpal Sonpala }
Sora_male = { Sora }
Soyaki_male = { Soyaki }
Stanislav_male = { Stanislaw Stanisleif Stanislav Stanislau Stanislavu }
Starkad_male = { Starkad Starkaðr }
Stavacos_male = { Estauche Stavacos }
Sten_male = { Steinn Sten Steyn }
Stephanos_male = { Stephanus Stephanos }
Stephen_male = { Szczepan Stefen Stephanos Stefan Stefanu Sthepan István Étienne Estefen Stefano Stephanus Steffen Esteban Stepan Steanu Stepannos Stepanoz Stephen Eappen Steven Stepanos Estève Estêvão }
Steven_male = { Stephanus Steven }
Sturanus_male = { Sturany Sturanui Sturanus }
Styrbeorn_male = { Styrbjörn Styrbeorn }
Sudi_male = { Sudi }
Suinthila_male = { Suintila Su?déla Suinthila }
Sukhinpala_male = { Sukhinpala Sukhinpal }
Sulayman_male = { Sulayman Saleban }
Sultan_male = { Sultan }
Sultanpala_male = { Sultanpala Sultanpal }
Sundara_male = { Cuntara Sundara }
Sune_male = { Suni Sune }
Sunyer_male = { Sunyer Suneario }
Sura_male = { Sura }
Surajpala_male = { Surajpala Surajpal }
Surkhab_male = { Surxap Surkhab }
Suttihos_male = { Suttihus Suttihos }
Svatopluk_male = { Svetopluk Swietopelk Sviatopolk Svatopluk }
Sven_male = { Sven Sveinn Svein Soini Svend Swegn }
Sviatoslav_male = { Sviatoslav Svetosleif Swietoslaw }
Symmachos_male = { Symmachus Symmachos }
Symmachus_male = { Simmaccu Simmaggu Symmachus Simmacu Shemiacy Shemmacui Symmachos }
Sämund_male = { Sämund Sæmundr }
Sölve_male = { Sölve Sölvi }
Tabia_male = { Tabia }
Tacitus_male = { Tashety Tacietu Tayédu Tegíd Tacéto Tacet Tachetui Tagitu Tacitus }
Tadg_male = { Tegwyd Tadg Tarla }
Tahir_male = { Tahir }
Tahmasb_male = { Tahmasb Tahmasp }
Taji_male = { Taji }
Talia_male = { Taliah Talia Talya }
Taliesin_male = { Taliesin Talièséno Tallesén }
Talorcán_male = { Talorcán Telurgan }
Talore_male = { Telurg Talore }
Tambo_male = { Tambo }
Tamu_male = { Tamu }
Tancredi_male = { Tancredi Tancred }
Tandja_male = { Tandja }
Tanimu_male = { Tanimu }
Tanko_male = { Tanko }
Taran_male = { Taran }
Tarik_male = { Tarik }
Tarkhun_male = { Tarkhun }
Taruthin_male = { Tarutinu Taruthin }
Tarutinus_male = { Tarutinus Tarutsenui Taruseny }
Tavi_male = { Tavi Tavish }
Tavis_male = { Tevis Tavis }
Taxmaspada_male = { Taxmaspada }
Teber_male = { Täbär Teber }
Tectomaros_male = { Tectomaros Tektomaros }
Teimuraz_male = { Teimuraz Taymuraz }
Tejasimha_male = { Tejasimha Tej-Singh }
Tejpal_male = { Tejpal Tejapala }
Telesinus_male = { Telesinus Taliesin }
Tello_male = { Telo Tello }
Temaio_male = { Temaio }
Tendaji_male = { Tendaji }
Tertius_male = { Tèrzéo Tertius Tergé }
Teuspas_male = { Chuspai Teuspas Shuspie }
Tewdric_male = { Téodorí Téòdòréis Tewdric }
Tewdwr_male = { Tewdwr Tudual }
Thaddeus_male = { Thadeosi Taddai Addai Thaddeus }
Theobald_male = { Thiebault Tetbald Tybalt Theobaldus Tibaud Tibaldo Thibault Thiébaut Teobaldo Theobald }
Theodat_male = { Bozidar Theodote Theodotos Deodat Fedot Dat Bozydar Theodat }
Theodemer_male = { Teodemir Theodemer }
Theoderic_male = { Theoderic Teoderik }
Theodimer_male = { Theodimer Thiudimer }
Theodore_male = { Teudar Teodoru Teodor Theodorich Theodôros Theodoros Tewdwr Feodor Tadros Thoros Theodore Theodorus Tadeusz }
Theodoric_male = { Theodoric Teudoc Tewdrig Theodoricho Thiudareiks Theoderic Teoderico Teodorigu Teodoréyu }
Theodosios_male = { Theodosios Theodosius Tiudosiu }
Theodosius_male = { Shudushy Tewdos Chodoshui Theodosios Theodosius }
Theodotos_male = { Theodotos }
Theodowalaunus_male = { Theodowalaunus Tugdual }
Theophanos_male = { Theophanos Teofanu Teanu }
Theophanus_male = { Theophanus Tifan }
Theophilos_male = { Theophilos Theophilus }
Theudisclus_male = { Thiudigisclus Theudisclus }
Thierry_male = { Theodericus Dietrich Theuderic Thierry Tièrri Tudor Diederick Detrich Dytryk Dirk }
Thiik_male = { Thiik }
Thoas_male = { Thoas }
Thomas_male = { Thomas Tomos Ta'mhas Tomasz Touma Thoma Taumas Toma Tomaso Toumas Tovmas Tohmas Tomás Tamás Tam Tomassu Tam'as Th'amhais Tomo }
Thomasine_male = { Taumasin Thomasine }
Thon_male = { Thon }
Thorismund_male = { Torimundu Thorismund Torémudu }
Thorolf_male = { Torolf Thorolf Þorolfr }
Thrasamund_male = { Trassamundu Talsamudu Thrasamund }
Thuxra_male = { Thuxra }
Tiberius_male = { Tebery Tiberius Tiberi Tiberiu Téberéu Tiebieriu Tiberios Thebery Teberiui }
Tijani_male = { Tijani }
Timan_male = { Timan }
Timon_male = { Timon }
Timothy_male = { Dimetheos Timothy Timotheos Timotei Timai }
Timur_male = { Timër Timur }
Tiridates_male = { Tiridates Teredatsei Teredase }
Tishtrya_male = { Tishtrya }
Titius_male = { Sheshy Chetsiui Tieciu Titius }
Titus_male = { Chetui Tietu Titus Této Gíd Shety }
Tjudmund_male = { Tjudmund }
Tobiah_male = { Tuvya Tobiah Tovia }
Tobias_male = { Tovias Tobia Tobéa Tobias }
Toghrul_male = { Toghrïl Toghrul }
Toholjo_male = { Toholjo }
Toke_male = { Toke }
Tomarsa_male = { Tamuza Tomarsa }
Tor_male = { Tor }
Torbeorn_male = { Torbeorn Torbjörn }
Torbjörn_male = { Torbjørn Þorbjörn Torbjörn }
Torbrand_male = { Torbrand Þorbrandr }
Tord_male = { Tord Þordr }
Torfinn_male = { Þorfinn Torfinn }
Torfu_male = { Torfu }
Torgeir_male = { Torgeir }
Torkel_male = { Torgils Torgil Þorgil Thurcytel Torkel }
Tornik_male = { Tornik Tornike }
Torsten_male = { Torstein Torsten Þorsteinn }
Toste_male = { Toste Tostig }
Totila_male = { Todéla Totila }
Traianus_male = { Trèany Traianus Trèanui }
Trajan_male = { Trajan Traianos Traianu Tragianu Traien Talyanu Traianus }
Trauseus_male = { Trauseus }
Tristan_male = { Drostan Drosten Drostano Tristan Drystan }
Tromperos_male = { Tromperus Tromperos }
Tsamiya_male = { Tsamiya }
Tsaraki_male = { Tsaraki }
Tuathal_male = { Túathal Tudwal Tuathal }
Tudwal_male = { Tudwal Tutòvales Tudhoual }
Tudwallon_male = { Tutòvallòno Tudhouallon Tudwallon }
Tugule_male = { Tugule }
Tunka_male = { Tunka }
Turdat_male = { Turdat }
Turghar_male = { Turghar }
Tzvi_male = { Zvi Tzvi }
Uban_male = { Uban }
Udaya_male = { Udaya Utaiya }
Udure_male = { Udure }
Uffe_male = { Offa Uffe }
Uhtred_male = { Uhtræd Uhtred }
Ukhushukan_male = { Ukhushukan }
Ulf_male = { Ulfr Wulf Ulv Ulfu Ulfo Ulf }
Ulrich_male = { Oldrich Ulrik Ulrich }
Umar_male = { Umar Umaru Omar }
Umoja_male = { Umoja }
Unsa_male = { Unsa }
Upadarma_male = { Upadarma }
Urak_male = { Urak }
Urban_male = { Erb Urban Irb Erpin Urbien Erbin }
Urbanus_male = { Orbanus Urbiany Urbanui Urbanus Urbanu }
Urbgenius_male = { Urbgenius Urien }
Urieke_male = { Réyu Uriegu Urieke }
Uriel_male = { Uriel }
Urien_male = { Urièns Urien }
Ursus_male = { Ursus Orson Ursu }
Usian_male = { Usian }
Usman_male = { Usman }
Utana_male = { Utana }
Uther_male = { Uzièro Ugere Uther }
Uvaxshtra_male = { Uvaxshtra }
Uzzi_male = { Uzi Uzzi }
V_male = { Valentino V }
Vaclac_male = { Viacslav Vaclac }
Vaclav_male = { Václav Waclaw Vencel Vaklaf Wenzel Vaclav Wanko Wenceslaw }
Vahauka_male = { Vahauka }
Vahhab_male = { Vahhab }
Vahumisa_male = { Vahumisa }
Vahyavishdapaya_male = { Vahyavishdapaya }
Vahyazdata_male = { Vahyazdata }
Vairisimha_male = { Vairsingh Vairisimha }
Vakhtang_male = { Vakhtang Vaxtank }
Vakhtank_male = { Vakhtang Vakhtank }
Vakpati_male = { Vakpati Vakpatiraja Vakapati }
Valens_male = { Vallend Valens Uaiey Ualleñi }
Valentin_male = { Valentin Walenty Valentino }
Valentine_male = { Valentine Valentinus }
Valentinianus_male = { Uaiensheany Valentinianus Uallencheñanui Vallèntiñanu }
Valeran_male = { Valeran }
Valerianus_male = { Valèréano Valerianus Vallèreanu Vaeriano Uaiereany Gueleréan Uallereanui }
Valerin_male = { Valerin Valèréno Guelerén }
Valerius_male = { Valerios Valleriu Valerius Uaiery Valerio Ualleriui }
Valhanadeva_male = { Valhanadeva Valhana }
Vandalarius_male = { Bandalariu Bãdalaréu Vandalarius }
Vannios_male = { Vannios Vannius }
Varagunan_male = { Varakunan Varagunan }
Varagunavarman_male = { Varakunavarman Varagunavarman }
Vardanes_male = { Vardanes Uardañi Uardzhe }
Varius_male = { Varéo Gueré Varius }
Varshapala_male = { Varshapala Varshpal }
Varshasb_male = { Varšasp Varshasb }
Vartan_male = { Vardan Vartan }
Varzak_male = { Varzak }
Vasco_male = { Belasco Vasco Velasco Balashk Blasco }
Vayaspara_male = { Vayaspara }
Vectios_male = { Vectios Vetty }
Veitor_male = { Veitor }
Vela_male = { Vela }
Velson_male = { Velson Velso }
Venantius_male = { Venantius Venanciu Ueñansy Uenantsui }
Venimaros_male = { Venimarus Venimaros }
Veranus_male = { Veranus }
Vercaios_male = { Vercaius Vercaios }
Vercingetorix_male = { Vercingetorix Versingery }
Vercombogios_male = { Vercombogios Vercombogius }
Vermudo_male = { Bermond Veremondo Bermudo Vermudo }
Verus_male = { Verus }
Verutius_male = { Vèrozéo Verutius Guerogé }
Vespasian_male = { Wespasiyaneh Vespasian }
Vespasianus_male = { Vèspasieanu Uespasheany Uespasheanui Vespasianus }
Vibenos_male = { Vibenos Vibenus }
Victor_male = { Béddor Ueptro Veptur Vetoir Biktor Uther Victor Uthyr Uéutru Bittor Vittaur }
Victorinus_male = { Victorinus Uéuturiny Vepturinu Ueptorinui }
Vidurathpala_male = { Vidurathpal Vidurathpala }
Vigilius_male = { Uedzhellui Vigilius Vegellu Uezhey }
Vigraharaja_male = { Vigraharaja Vigrharaja }
Vijayaditya_male = { Vicayâtitta Vijayaditya }
Vijayalaya_male = { Vijayalaya Vicayâlaya }
Vijayaraga_male = { Vijayaraga Vicayâraka }
Vikrama_male = { Vikrama }
Vikramaditya_male = { Vikramâtittâ Vikramaditya }
Vincent_male = { Vicente Vincenzo Vinsant Vicenç Vincent Biccentziu Wincenty Bégg?dzéu Cenek }
Vindafarnah_male = { Vindafarnah }
Vindarna_male = { Vindarna }
Vindillos_male = { Vindillus Vindillos }
Vindos_male = { Vindo Vindos Vindus }
Vindotorix_male = { Vindotorix Guindorí Vindòtòréis }
Virabhadra_male = { Kwirapabhadra Virabhadra }
Virakhesari_male = { Vîrakêcari Virakhesari }
Virarajendra_male = { Virarajendra Vîrarâcêntira }
Virasekhara_male = { Vîracêkara Virasekhara }
Viriathius_male = { Viriathius Gwriad }
Virodaya_male = { Vîrôtaya Virodaya }
Vishtasb_male = { Vîštap Vishtasb }
Vishtaspa_male = { Vishtaspa }
Vitale_male = { Vitale Vidual }
Vitalianus_male = { Uetalleanui Vitalleanu Uetaieany Vitalianus }
Vitalinus_male = { Vitalinus Guidelén Vitaléno Gwydolin }
Vitalis_male = { Gwydol Vitalis }
Vito_male = { Vito Vait }
Vivianu_male = { Bébéanu Bibianu Vivianu }
Viyus_male = { Viyus }
Vladimir_male = { Waldemar Valdemaur Valdemar Vladimir Vladimír }
Vladislav_male = { Wladyslaw Vladislav Valdesleif Wlodzislaw }
Vogitoutos_male = { Vogitoutus Vogitoutos }
Volsenos_male = { Volsenos Volsenus }
Volusianus_male = { Uurusheany Volusianus Uorusheanui Vulosiu }
Vonones_male = { Vonones }
Vortigern_male = { Gwerthern Gurthiern Vortigern }
Vortimer_male = { Gwerthefyr Vortimer }
Vratislav_male = { Vratislav Vartisleif Wratislaw }
Vsebor_male = { Vsebor Wszebor }
Vseslav_male = { Vissisleif Vseslav }
Wadanh_male = { Wadanh }
Wahustan_male = { Vahusdan Wahustan }
Walja_male = { Balla Baza Walja }
Walter_male = { Valteri Guttier Gauthier Waltier Ualtar Walther Gautier Walter }
Waltheof_male = { Waltheof Waldeve }
Wankhanak_male = { Wankhanak }
Warisi_male = { Warisi }
Waziri_male = { Waziri }
Werestan_male = { Werestan Gwerstan }
Wielislaw_male = { Velisleif Wielislaw }
Wilfred_male = { Wifredo Wilfred }
William_male = { Guillén Vilhelm Villem Guilhèm Guilherme Guilielmus Villelmus Uilliam Vilém Gwilym Wilhelm Gwilherm Willaume Guilhem Guillem Guillermo Guillaume Willem Liam William }
Withred_male = { Wihtræd Withred }
Wun_male = { Wun }
Xemraja_male = { Xemraja Kshemraja }
Xshathrita_male = { Xshathrita }
Xshayarshan_male = { Xshayarshan }
Yaffa_male = { Yaffe Yaffa Yafe Jaffe }
Yahya_male = { Yahya }
Yaji_male = { Yaji }
Yakubu_male = { Yakubu }
Yakufu_male = { Yakufu }
Yamusa_male = { Yamusa }
Yaroah_male = { Haroa Giaroa Yaroah }
Yaropolk_male = { Jaropluk Yaropolk }
Yazid_male = { Yezîd Yazid }
Yero_male = { Yero }
Yol_male = { Yol }
Yuba_male = { Giuba Huba Yuba }
Yuddamalla_male = { Yuddamalla Yuddhamalla }
Yug_male = { Yug }
Yunfa_male = { Yunfa }
Yunusa_male = { Yunusa }
Yusa_male = { Yusa }
Yusuf_male = { Yusuf }
Yves_male = { Yves Erwan Ivo Ives }
Y’n_male = { Y’n }
Zachariah_male = { Zachariah Zacharria }
Zachary_male = { Zachary Zakariyah Zacharias }
Zahur_male = { Zahur }
Zaki_male = { Zaki }
Zakia_male = { Zakia }
Zand_male = { Zand }
Zannah_male = { Zannah }
Zaria_male = { Zaria }
Zartosht_male = { Zartosht Zerdešt }
Zawadi_male = { Zawadi }
Zbynek_male = { Zbynek Zbigniew Zbyszko Sjibnek }
Zdisbeorn_male = { Zdisbeorn Sjidisbjörn }
Zdislav_male = { Zdislav Sjidisleif }
Zeev_male = { Zev Zeev }
Zephyr_male = { Tzafrir Zephyr }
Zile_male = { Zile Sille }
Zion_male = { Zion Tzion }
Zipaibes_male = { Zipaibes Siepiebe }
Ziper_male = { Ziper Siepieru }
Zipuronn_male = { Sieporum Zipuronn }
Zipyros_male = { Siepiru Zipyros }
Ziv_male = { Ziv }
Zohar_male = { Zohar }
Zosimus_male = { Zosima Zosimus }
Zubeyr_male = { Zuberi Zubeyr }
Zymt_male = { Zymt }
Æthelwold_male = { Æthelweald Æthelwold }
Ætius_male = { Égé Ætius Ézéo }
