Aaron_Aaron
Aarto_Artur
Aarôn_Aaron
Aatso_Adam
Aba_Abba
Abahu_Abahu
Abakar_Abakar
Aballacos_Aballarios
Abasama_Abasama
Abasi_Abbas
Abaya_Abaya
Abaye_Abaya
Abayi_Abaya
Abba_Abba
Abbas_Abbas
Abbolsu_Ambrose
Abbrosiu_Ambrose
Abdalla_Abdullah
Abdallah_Abdullah
Abdemelgar_Abdmelqart
Abderahman_Abderrahman
Abdu_Abdu
Abdul-Hasan_Hasan
Abdul-Qadir_Abdul-Qadir
Abdul_Abdul
Abdulkareem_Abdulkareem
Abdullah_Abdullah
Abdulle_Abdullah
Abdulraham_Abdul-Rahman
Abianos_Abijah
Abisalom_Absalom
Abner_Abner
Abon_Apon
Abonah_Abonah
Abono_Apon
Abouk_Abouk
Abraam_Abraham
Abraham_Abraham
Abris_Abrisius
Abrisius_Abrisius
Abu-Bakr_Abu-Bakr
Abu_Abu
Abubakar_Abu-Bakr
Abucatui_Abucatus
Abuchaty_Abucatus
Abukar_AbuBakr
Abwango_Abwango
Abél_Abel
Acfred_Alfred
Achak_Achak
Achalraj_Achalraja
Achalraja_Achalraja
Achemnatui_Ategnatus
Acheporecui_Ateporicus
Achilas_Aquila
Achilino_Aquilinus
Achiuir_Arthur
Adalbert_Albert
Adalberto_Albert
Adalbertus_Albert
Adalmar_Ademar
Adam_Adam
Adamu_Adam
Adarnase_Atrnerseh
Addai_Thaddeus
Addaues_Addaues
Addemeryar_Abdmelqart
Adefonsus_Alphons
Adelbert_Albert
Adelfonso_Alphonse
Adelpho_Adelphios
Adelphonsus_Alphonse
Adfuns_Alphonse
Adgar_Edgar
Adhama_Adhama
Adhola_Adhola
Adias_Adias
Adiatullus_Adiatullos
Adina_Adina
Admatus_Admatos
Adnamatus_Adnamatos
Adnamus_Adnamos
Ado_Ado
Adolfo_Adolf
Adran_Adrian
Adrany_Hadrian
Adreanu_Hadrianus
Adrian_Hadrian
Adriane_Adrian
Adrianos_Adrian
Adrianu_Adrian
Adrianus_Adrian
Adrien_Adrian
Adsedus_Adsedos
Adémar_Adémar
Aeddan_Hugh
Aegidius_Egidius
Aethon_Hugh
Aetios_Aetius
Afanasiy_Athanasius
Afonso_Alphonse
Afshar_Afshar
Agapetos_Agapetos
Agapetus_Agapetos
Agathon_Agathos
Agathonidje_Agathonikos
Agathonikos_Agathonikos
Agathos_Agathon
Agathos_Agathos
Ageleius_Ageleios
Agen_Adgenos
Agennory_Adgennorix
Agilé_Attilius
Aglaos_Aglaos
Agoro_Agoro
Agothyathik_Agothyathik
Agrauèno_Agravain
Agrauéno_Agrafin
Agrépe_Agrippa
Aguastin_Augustine
Agustin_Augustine
Agéaréo_Adiarius
Ahai_Ahha
Aharon_Aaron
Ahha_Ahha
Ahmaad_Ahmad
Ahmad_Ahmad
Ahmed_Ahmad
Ahmedu_Ahmad
Aidio_Egidius
Aieresty_Aneroestus
Aieshy_Anicius
Aimeric_Aymeric
Aimery_Aymeric
Aion_Aion
Aiouli_Aulius
Airimi_Airimi
Aision_Jason
Aitheopos_Aithiopas
Aiwel_Aiwel
Aiéushandre_Alexander
Ajairaja_Jayaraja
Akango_Akango
Akathon_Agathon
Akbar_Akbar
Akhaias_Achaios
Akhillas_Achillas
Akhilleue_Achilleus
Akhillites_Achillites
Akhore_Akhore
Akhushfarn_Akhushfarn
Akiba_Jacob
Akiva_Jacob
Aksel_Caecilius
Aksil_Caecilius
Akua_Akua
Akulo_Akulo
Akyla_Aquila
Alain_Alan
Alammon_Alammon
Alan_Alan
Alano_Alan
Alanus_Alan
Alar_Alaric
Alarigu_Alaric
Alb_Albus
Albano_Albanus
Alben_Albanus
Alberic_Alberic
Albericus_Aubry
Albert_Albert
Albertino_Albert
Alberto_Albert
Albery_Aubry
Albinu_Albinus
Albinui_Albinus
Albiny_Albinus
Albo_Albus
Albrecht_Albert
Albrikt_Albert
Albu_Albus
Albui_Albus
Aldabert_Albert
Aldabertus_Albert
Aldebert_Albert
Aldericus_Alderic
Aldwr_Aldroenus
Alecuandur_Alexander
Aleksandar_Alexander
Aleksander_Alexander
Aleksandr_Alexander
Aleksandre_Alexander
Ales_Alexander
Alesandre_Alexander
Alescandru_Alexander
Alessandro_Alexander
Alexander_Alexander
Alexander_Alexandros
Alexandr_Alexander
Alexandre_Alexander
Alexandros_Alexander
Alexandros_Alexandros
Alexandru_Alexander
Alexas_Alexis
Alexei_Alexis
Alexios_Alexis
Alexius_Alexios
Alf_Alf
Alfons_Alphonse
Alfonso_Alphonse
Alfr_Alf
Algwyn_Alwin
Alhaji_Alhaji
Ali_Ali
Alias_Helias
Aliau_Aelius
Alideh_Alidus
Alier_Alier
Alifonso_Alphonse
Alisander_Alexander
Alivertus_Albert
Aliyu_Aliyu
Allan_Alan
Allepsandri_Alexander
Allisander_Alexander
Allo_Allo
Allèpsandrè_Alexander
Almerich_Amalric
Alon_Alon
Alonso_Alphonse
Alooma_Alooma
Alp_Alp
Alphie_Alpheios
Alphonse_Alphonse
Alured_Alfred
Aluysio_Aluysio
Alv_Alf
Alvar_Oliver
Alvito_Alvito
Alwen_Alwyn
Alwyn_Alwin
Alwyn_Alwyn
Alèsandrè_Alexander
Alén_Alwyn
Aléno_Alwyn
Amadeu_Amadeus
Amadeus_Amadeus
Amai_Amai
Amal_Amal
Amalric_Amalric
Amalricus_Amalric
Amandus_Amandus
Amani_Amani
Amara_Amara
Amarapuyankan_Amarabhujanga
Amaury_Amalric
Ambare_Ambara
Ambarui_Ambarrus
Ambery_Ambiorix
Ambiary_Ambarrus
Ambros_Ambrosius
Ambroshui_Ambrosius
Ambrosin_Ambrosinus
Ambrosio_Ambrosius
Ambrushy_Ambrosius
Ambròsino_Ambrosinus
Amenoth_Amenoth
Amik_Amicus
Amikeh_Amicus
Amin_Amin
Aminu_Amin
Amir_Amir
Amiri_Amiri
Amlaíb_Olaf
Ammon_Ammon
Ammonas_Ammonios
Ammonios_Ammonios
Ammoui_Ammoui
Amolo_Amolo
Amoun_Amun
Amphthas_Amphthas
Amr_Amr
Amun_Amun
Anabous_Anabous
Anaeus_Anaeos
Anangpal_Anangpala
Anangpala_Anangpala
Ananias_Khananya
Anaronacui_Analonacus
Anaruñacy_Analonacus
Anasa_Anasa
Anaschashy_Anastasius
Anastashui_Anastasius
Anastasios_Anastasios
Anastasios_Anastasius
Anastasiu_Anastasius
Anastasius_Anastasius
Anastasius_Anastastios
Anatolios_Anatolios
Anderjs_Andrew
Anders_Andrew
Andolin_Antonius
Andre_Andreas
Andre_Andrew
Andrea_Andrew
Andream_Andrew
Andreas_Andrew
Andrei_Andrew
Andreotto_Andrew
Andreu_Andrew
Andrev_Andrew
Andrew_Andrew
Andriai_Andreas
Andrias_Andrew
Andronik_Andronicus
Andronike_Andronikos
Andronikos_Andronicus
Androsthenes_Androsthenes
Androus_Andrew
Andrzej_Andrew
András_Andrew
André_Andrew
Andrés_Andrew
Aneroestos_Aneroestos
Anfòs_Alphonse
Angelbertus_Angelbert
Angelo_Angel
Angelos_Angel
Anghel_Angel
Angus_Angus
Anigiu_Anicius
Aniokhes_Anioch
Anlaff_Olaf
Annan_Annan
Annans_Annan
Annianos_Annianos
Annias_Annius
Annikeris_Annikeris
Anniu_Annius
Annwn_Antoninus
Annéu_Annius
Anobion_Anobion
Anoup_Anoup
Anoute_Anoute
Anqarib_Anqarib
Ansellus_Ancel
Ansuro_Ansuro
Antala_Antalas
Anthemius_Anthemios
Anthimos_Anthimos
Anthinos_Anthimos
Antinoos_Antinoos
Antiokhos_Antiochos
Antipas_Antipas
Antipatros_Antipatros
Antoeis_Antoeis
Antoine_Antonius
Anton_Antoninus
Anton_Antonius
Antoni_Antoninus
Antonin_Antoninus
Antonine_Antoninus
Antonineh_Anthony
Antonino_Antoinus
Antonino_Antoninus
Antoninu_Antoninus
Antoninus_Antoninus
Antonio_Antoninus
Antonio_Antonius
Antonios_Anthony
Antonios_Antonius
Antonius_Anthony
Antonius_Antonius
Antonolo_Antoninus
Antouni_Anthony
Antoñinui_Antoninus
Antoñu_Antonius
Antoñui_Antonius
Antuiy_Antonius
Antune_Anthony
Antuone_Anthony
Antuñinu_Antoninus
Antuñiny_Antoninus
Antzioccu_Antiochos
Antònino_Antoninus
António_Antoninus
Anund_Anund
Anundir_Anund
Anundr_Anund
Anupapala_Anupapala
Anuppal_Anupapala
Anushirvan_Anushirvan
Anysas_Anysas
Anyssas_Anysas
Apahour_Apahor
Apamon_Apamon
Apanoq_Apanoq
Apanoub_Apanoub
Aparâcita_Aparajita
Aparâcitavarman_Aparajitavarman
Apaskhayroun_Apaskhayroun
Apaskiron_Ischyrion
Aphoy_Aphoy
Apion_Apion
Apollinarios_Apollinarios
Apollodoros_Apollodoros
Apollon_Apollon
Apollonarios_Apollonarios
Apollonios_Apollonios
Apollos_Apollon
Apollotore_Apollodoros
Aporoñui_Apollonius
Aportonides_Apollonides
Apotour_Apotouros
Apouol_Apollon
Appeo_Appius
Appé_Appius
Aprotise_Aphrodisios
Apullu_Apuleius
Apuruiy_Apollonius
Aradòco_Aradoc
Araslan_Arslan
Arauéno_Arawain
Araziéco_Aradig
Arbu_Albus
Arbénu_Albinus
Arcadzui_Arcadius
Arcagiu_Arcadius
Archambaud_Archibald
Archambaut_Archibald
Archambold_Archibald
Archazy_Arcadius
Archembaldus_Archibald
Archemnui_Articnus
Archibald_Archibald
Ardahan_Ardahan
Ardavan_Ardavan
Ardeshir_Ardeshir
Ardumanish_Ardumanish
Ardur_Arthur
Arduro_Arthur
Ardéualo_Arthfael
Argad_Arcadius
Argadiu_Arcadius
Argeíuel_Arthfael
Arias_Ares
Arias_Arias
Arikêcari_Arikesari
Arim_Arim
Arimanus_Ariomanus
Arimmas_Arimmas
Ario_Ario
Ariomanus_Ariomanos
Arion_Arion
Aristarkhe_Aristarchos
Aristarkhos_Aristarchos
Aristippos_Aristippos
Aristokrates_Aristokrates
Ariston_Ariston
Aristoph_Aristophanes
Aristos_Aristos
Aristoteles_Aristotle
Arithanas_Arithanas
Ariyabrdhna_Ariyabrdhna
Ariyamna_Ariyamna
Ariñcaya_Arinjaya
Arjune_Arjuna
Arjunpal_Arjunpala
Arjunpala_Arjunpala
Arkadios_Arkadios
Arkesilaos_Arkesilaos
Arkhagathos_Archagathos
Arkhelaos_Archelaos
Arkhon_Archon
Arku_Arku
Arnald_Arnold
Arnaldus_Arnold
Arnau_Arnold
Arnaud_Arnold
Arnauld_Arnold
Arnault_Arnold
Arnaut_Arnold
Arnbjörn_Arnbeorn
Arne_Arne
Arni_Arne
Arnold_Arnold
Arnost_Ernest
Arnoul_Arnulf
Arnoulf_Arnulf
Arnulf_Arnulf
Arnulphus_Arnulf
Aron_Aaron
Arop_Arop
Aropnoute_Aropnoute
Aroto_Arod
Arpalios_Arpalios
Arpoudji_Arpoudji
Arraél_Raphael
Arroderéyu_Roderick
Arroen_Agravain
Arromanu_Roman
Arromulu_Romulus
Arroín_Agrafin
Arsenios_Arsenios
Arshaka_Arshaka
Arshama_Arshama
Arshéuny_Articnus
Arslam_Arslan
Arsogu_Arzoccu
Arsu_Arsu
Arszlán_Arslan
Art_Arthur
Artal_Artal
Artapsiai_Artaxias
Artashir_Ardeshir
Artau_Artal
Artavardiya_Artavardiya
Artaxshasa_Artaxshasa
Artemidoros_Artemidoros
Artemios_Artemios
Arthen_Artemius
Arthfoddw_Arthbodus
Arthguiu_Arthur
Arthueu_Arthur
Arthuis_Artorius
Arthuiu_Arthur
Arthur_Arthur
Arthwr_Arthur
Arthwys_Artorius
Artiknos_Articnos
Artivan_Ardavan
Artáushe_Artaxias
Artúr_Arthur
Arxa_Arkha
Aryadéu_Arcadius
Aryawratha_Aryawratha
Arzhur_Arthur
Asa_Asa
Asbjörn_Asbeorn
Asbjörn_Asbjörn
Ashakuka_Ashakuka
Ashepurecy_Ateporicus
Asher_Asher
Ashoi_Ashoi
Ashon_Ashon
Ashot_Ashot
Ashraf_Ashraf
Ashur_Asher
Ashéuñaty_Ategnatus
Asil_Asil
Asina_Asina
Asklepios_Asklepios
Asklous_Asklous
Asoke_Ashoka
Aspacanah_Aspacanah
Aspar_Aspidar
Asparos_Aspidar
Asper_Asper
Assoyu_Arzoccu
At-Tayeb_At-Tayeb
Atamaita_Atamaita
Atanarigu_Athanaric
Ateboduus_Ateboduos
Ategnatus_Ategnatos
Ategnet_Ategnatos
Atemerus_Atemeros
Ateporix_Ateporix
Ater_Ater
Aterus_Atera
Atevalus_Atevalos
Athanasios_Athanasios
Athanasios_Athanasius
Athenodoros_Athenodoros
Atheris_Atheris
Athiyabaushna_Athiyabaushna
Atiantus_Atiantos
Atias_Atiyya
Atieno_Atieno
Atirâcêntira_Athirajendra
Atitta_Aditya
Ato_Ato
Atpomarus_Atpomaros
Atrianus_Adrian
Atrnerseh_Atrnerseh
Attius_Atto
Atto_Atto
Atuco_Atucos
Atucus_Atucos
Atuius_Atuios
Atuma_Atuma
Aturpat_Aturpat
Atyeno_Atyeno
Audomarus_Ademar
Auetui_Avitus
Augstinui_Augustinus
Augstui_Augustus
Augustín_Augustine
Aulo_Aulus
Aurang_Aurang
Aurelio_Aurelius
Aurelios_Aurelios
Aurelios_Aurelius
Aurellanu_Aurelianus
Aurelleanui_Aurelianus
Aurellu_Aurelius
Aurellui_Aurelius
Aurely_Aurelius
Aureolus_Aurelius
Aurèléo_Aurelius
Austol_Austell
Auust_August
Avda_Abahu
Avdima_Avdima
Avdimi_Avdima
Avetu_Avitus
Avraaham_Abraham
Avraham_Abraham
Avram_Abram
Avyaman-yan_Avyaman-yan
Avyaman_Avyaman
Avyamanch_Avyamanch
Awgusteh_Augustus
Awgustin_August
Awrehli_Aurelius
Awst_August
Axmed_Ahmed
Ayliyaneh_Aelianus
Aymar_Aymeric
Aymard_Aymar
Aymardus_Aymar
Aymeric_Aymeric
Aymeric_Emery
Ayo_Ayo
Azael_Azael
Azamis_Azamis
Azarias_Azarias
Azima_Azima
Azizi_Azizi
Aznar_Aznar
Azziléo_Attilius
Añechui_Anicius
Añeciu_Anicius
Añerestui_Aneroestus
Añgelos_Angelus
Añui_Annius
Baba_Baba
Babaeus_Babaeus
Babai_Babaeus
Babak_Babak
Babek_Babak
Babowai_Babaeus
Babwahi_Babaeus
Badi_Badi
Badru_Badru
Bagabigna_Bagabigna
Bagabuxsha_Bagabuxsha
Baghpal_Baghpala
Baghpala_Baghpala
Bagour_Bagour
Bagunda_Bagunda
Bahram_Bahram
Baigorixo_Baegorix
Baingana_Baingana
Bakadion_Bakadion
Bakari_Bakari
Bakhit_Bakhit
Bakhtiar_Bakhtiar
Bako_Bako
Bakur_Bagour
Balabán_Balaban
Balamber_Balambar
Balambär_Balambar
Balambér_Balambar
Balamon_Palaemon
Balarabe_Balarabe
Balashk_Vasco
Balder_Balder
Baldewin_Baldwin
Baldoen_Baldwin
Baldovino_Baldwin
Baldr_Balder
Balduinus_Baldwin
Baldwin_Baldwin
Balla_Walja
Baléno_Balin
Balés_Balise
Balí_Balise
Bandalariu_Vandalarius
Bane_Bane
Banipe_Banipe
Barak_Barak
Baraka_Barakat
Barakhia_Baruch
Baram_Baram
Barau_Barau
Barbushe_Barbushe
Bardiya_Bardiya
Bardolomeu_Bartholomew
Bargetu_Baraket
Barnaerd_Bernard
Bartholemi_Bartolomeus
Bartholomaeus_Bartolomeus
Bartholomaios_Bartholomew
Bartholomaios_Bartolomeus
Bartholomeo_Bartholomew
Barthélémi_Bartolomeus
Bartol_Bartolomeus
Bartolomeo_Bartolomeus
Bartolomeu_Bartholomew
Bartolomeus_Bartolomeus
Bartolu_Bartolomeus
Bartomeu_Bartolomeus
Bartoromeui_Bartolomeus
Bartosz_Bartolomeus
Bartoumiéu_Bartolomeus
Barturumey_Bartolomeus
Barukh_Baruch
Barumini_Barumini
Baruméné_Barumini
Baryedu_Baraket
Bashalu_Pascal
Bashar_Bashir
Basheiy_Basilius
Bashellui_Basilius
Bashir_Bashir
Basil_Basil
Basile_Basilios
Basileios_Basil
Basilio_Basil
Basiliskos_Basiliscus
Basillu_Basil
Bassos_Bassos
Bassu_Bassu
Basézu_Basil
Bathanattos_Bathanattos
Bathouel_Bathouel
Bato_Bato
Battos_Battos
Baudouin_Baldwin
Baudoïn_Baldwin
Bavana_Bavana
Bawa_Bawa
Bawo_Bawo
Bayajidda_Bayajidda
Bayero_Bayero
Baza_Walja
Beacy_Bennacus
Bechat_Ebicatos
Bechellui_Bicilius
Beciellu_Bikili
Bedrich_Frederick
Bedros_Peter
Bedur_Bedwyr
Bedén_Bedwyn
Beejpal_Beejpala
Beejpala_Beejpala
Behram_Bahram
Beiedéuty_Benedictus
Beieshary_Belisarius
Belasco_Vasco
Beli_Beli
Belisara_Belisarios
Belisarios_Belisarius
Belisariu_Belisarius
Belisarius_Belisarius
Belle_Belle
Bellesariui_Belisarius
Bello_Bello
Bellon_Bellaunos
Belphios_Belphios
Belsario_Belisarius
Beltrán_Bertrand
Belén_Balin
Belésaréu_Belisarius
Benedek_Benedict
Benedetto_Benedict
Benedictus_Benedict
Benedikt_Benedict
Benedittu_Benedict
Benedéddu_Benedict
Beneoit_Benedict
Benes_Benedict
Beneset_Benedict
Benet_Benedict
Bengt_Benedict
Beniamen_Benjamin
Beniamin_Benjamin
Benignus_Benignus
Benito_Benedict
Bennaques_Bennacos
Benoît_Benedict
Beorhtwine_Beorhtwine
Beorn_Beorn
Beory_Boiorix
Ber_Ber
Beregrénu_Peregrinus
Berengar_Berengar
Berengario_Berengar
Berengarius_Berengar
Berenguel_Berengar
Berenguer_Berengar
Berenguié_Berengar
Bermond_Vermudo
Bermudo_Vermudo
Bernabò_Bernard
Bernard_Bernard
Bernardin_Bernard
Bernardo_Bernard
Bernat_Bernard
Bernez_Bernard
Bernhard_Bernard
Bernhardus_Bernard
Bernát_Bernard
Berru_Peter
Berthgwyn_Berhtwine
Berthwallt_Berthoald
Bertisleif_Bretislaus
Bertran_Bertrand
Bertrand_Bertrand
Bertrandus_Bertrand
Bes_Bes
Besa_Bes
Besamon_Besammon
Besarion_Besarion
Besheiy_Bicilius
Besilio_Basilius
Betoury_Biturix
Betumnatui_Bitugnatus
Betúñaty_Bitugnatus
Bextîyar_Bakhtiar
Beñacui_Bennacus
Beñedeptui_Benedictus
Bharkhuman_Bharkhuman
Bhima_Bhima
Bhimadeva_Bhima
Bhoj_Bhoja
Bhoja_Bhoja
Bhojavarman_Bhoja
Bhumpal_Bhumpala
Bhumpala_Bhumpala
Bhurz_Bhurz
Bibianu_Vivianu
Biccentziu_Vincent
Bik_Bik
Bikorom_Bikorom
Biktor_Victor
Bilal_Bilal
Bili_Beli
Bimmelgar_Binmelqart
Binyamin_Benjamin
Biram_Biram
Biri_Biri
Birpal_Birpala
Birpala_Birpala
Bishoi_Bishara
Bitognatos_Bitognatos
Bittor_Victor
Bizu_Byzo
Björn_Beorn
Björnimar_Beornimir
Bjørn_Beorn
Blaez_Blaise
Blasco_Vasco
Blasi_Blaise
Blaus_Blavos
Blayve_Blaise
Blaz_Blaise
Blazej_Blaise
Bleddyn_Bleddyn
Bledrig_Bledrig
Bleiddud_Bleiddud
Blégin_Bleddyn
Blégino_Bleddyn
Blégí_Bleiddig
Blézico_Bleiddig
Boamundus_Bohemond
Bobbiu_Pompeius
Bobbéu_Pompeius
Bocciu_Boccius
Boethos_Boethios
Bogdan_Bogdan
Boggéu_Boccius
Boghos_Paul
Bogirg_Bogirg
Bogislaw_Boguslaw
Bognet_Bodugnatos
Bogodiataros_Bogodiataros
Bohdan_Bogdan
Bohuslav_Boguslaw
Boiorix_Boiorix
Bokdan_Bogdan
Bokdoru_Bokdoru
Bol_Bol
Bolad_Bolad
Boleslav_Boleslav
Boleslaw_Boleslav
Bolge_Bolgios
Bolgios_Belgos
Bonayéu_Boniface
Boncza_Bonifacius
Bonifacio_Bonifacius
Bonifacius_Boniface
Bonifagiu_Boniface
Bonnannaro_Bonnannaro
Bonosus_Bonosus
Boqqi_Boccius
Bor_Bors
Borijov_Borijov
Borisz_Boris
Boriwoj_Borijov
Born_Born
Boryezu_Porcellu
Borzywoj_Borijov
Boso_Boson
Boson_Boson
Bosón_Boson
Bouchard_Bouchard
Boudewijn_Baldwin
Boudion_Boudion
Bouteiom_Boudion
Boutros_Peter
Bozidar_Theodat
Bozydar_Theodat
Brage_Brage
Bragi_Brage
Brahim_Abraham
Braiuzheny_Brannogenus
Bran_Bran
Brano_Bran
Branwaladr_Branwaladr
Branwalator_Brendan
Brasu_Brasus
Brañodzhenui_Brannogenus
Brechaiecy_Britannicus
Bredu_Pretu
Breiy_Brennus
Bren_Brennos
Brennos_Brennos
Bretagniques_Britannicus
Bretañecui_Britannicus
Bretislav_Bretislaus
Breumage_Brigomagos
Brezui_Bryzus
Brezy_Bryzus
Breñui_Brennus
Briac_Brian
Briachislav_Bretislaus
Brian_Brian
Brice_Brice
Bride_Bride
Bridei_Bride
Brient_Brian
Briog_Briog
Brisu_Bryzos
Britannecu_Britannicus
Brocano_Brychan
Brochfael_Brogmaglus
Brogan_Brychan
Brogemal_Brochmael
Brogeual_Brochvael
Brogimaros_Brogimaros
Brogitarios_Brogitaros
Brogoris_Borgoris
Broichan_Brychan
Brout_Brutus
Brude_Bride
Bruto_Brutus
Brwt_Brutus
Brychan_Brychan
Brân_Bran
Brén_Brwyn
Bréno_Brwyn
Brétannéco_Britannicus
Brídaney_Britannicus
Bròcimalo_Brochmael
Bròcivalo_Brochvael
Brú_Brutus
Bua_Bua
Buartol_Bartholomew
Buba_Pupa
Bug_Bug
Bukar_Bukar
Bul_Bul
Buldzhui_Bulgius
Bulu_Bulu
Bulu_Paul
Bulzhy_Bulgius
Bunedec_Benedict
Bunin_Bonino
Burchardus_Bouchard
Burema_Burema
Burgheard_Bouchard
Burisleif_Boleslav
Burja_Burja
Burèbastu_Burebista
Busar_Busar
Busara_Busara
Bussumarus_Bussumaros
Bustan_Bustan
Buyuma_Buyuma
Buzu_Apuleius
Bwana-Mkubwa_Bwana-Mkubwa
Bãdalaréu_Vandalarius
Bèdéno_Bedwyn
Bèllisariu_Belisarius
Bèturo_Bedwyr
Bébéanu_Vivianu
Béddor_Victor
Bédu_Ovida
Bégg?dzéu_Vincent
Béla_Albert
Bémmeryar_Binmelqart
Bérard_Bernard
Bérenger_Berengar
Bérézu_Pirillu
Bésu_Evisus
Bòrs_Bors
Bõdzéu_Pontzu
Cadano_Caddan
Cadello_Cadell
Cadoco_Cadog
Cadog_Cadog
Cadoual_Catuvalos
Cadw_Cadw
Cadwaladr_Cadwaladr
Cadwallon_Cadwallon
Cadwared_Cadwared
Cadwr_Cadwr
Caesar_Caesar
Caesarius_Caesarius
Cai_Gaius
Callistus_Kallistos
Calèdino_Caleddin
Caléto_Galed
Camaius_Camaios
Camillo_Camillus
Cammius_Cammios
Camurodzhenui_Camulogenus
Camuruzheny_Camulogenus
Canan_Conan
Candalio_Candalon
Canu_Conn
Canuall_Conall
Capussa_Capussa
Caradaig_Caradog
Caradec_Caradog
Caradog_Caradog
Caraleto_Caraled
Caraleto_Gerled
Caratòco_Caradoc
Carauéno_Carawain
Cargasanu_Carcasan
Carin_Carinus
Carinu_Carinus
Carinui_Carinus
Cariny_Carinus
Carles_Charles
Carlus_Charles
Carolus_Charles
Caru_Carus
Carui_Carus
Caréco_Carig
Caréto_Gareth
Cashui_Cassius
Casovallono_Caswallon
Casparru_Caspar
Cassiu_Cassius
Castant_Constans
Castantin_Constantine
Cataiyavarman_Sadayavarman
Catarico_Gadric
Catguallon_Cadwallon
Catgualtr_Cadwalladr
Catovallo_Cadfael
Catovallo_Cadwal
Catovallòno_Cadwallon
Catovio_Cadwy
Cauano_Cavan
Caunstantin_Constantine
Caurnel_Cornelius
Causantín_Constantine
Cayantavarman_Jayantavarman
Cearl_Charles
Cecily_Caecilius
Cedig_Caedicius
Cedry_Ciderios
Cegillu_Caecilius
Cehandar_Jahandar
Cehangir_Jahangir
Cehanšah_Jahanshah
Cekarâcacêkaran_Segarajasekaran
Celtille_Celtillos
Cemensy_Clementius
Cemšîd_Jamshid
Cenek_Vincent
Cenræd_Konrad
Centolh_Centule
Centui_Quintus
Centule_Centule
Centulle_Centule
Centullus_Centule
Centy_Quintus
Cephas_Peter
Cephus_Peter
Cerdic_Caradog
Ceredig_Caratacus
Cetanu_Gaietànu
Cevid_Javeed
Chaacko_Jacob
Chaandy_Alexander
Chaime_Jacob
Chakar_Chakar
Chakhren_Chakhren
Chan_Chan
Chane_Chane
Chang_Chang
Chanin_Chanin
Chanina_Chanin
Chaninai_Chanin
Charidemus_Charidemos
Charles_Charles
Chary_Carus
Chashy_Cassius
Chaski_Chaski
Chastiques_Casticos
Chavar_Cavaros
Cheprianui_Cyprianus
Cher_Cher
Chershi_Cerses
Chetsiui_Titius
Chetui_Titus
Chidi_Chidi
Chinena_Chanin
Chodoshui_Theodosius
Chol_Chol
Chorche_George
Chozai_Chozai
Christian_Christian
Christoffer_Christopher
Christopher_Christopher
Christophoros_Christopher
Christophorus_Christopher
Chuan_John
Chulián_Julian
Chunya_Chunya
Chuspai_Teuspas
Chèchellui_Caecilius
Chèllestinui_Caelestinus
Chèsa_Caesar
Ciaudzui_Claudius
Ciementsui_Clementius
Cierreto_Gerreth
Ciesar_Caesar
Cikkoku_Cikkoku
Cilestinu_Celestine
Cimmavisnu_Simhavishnu
Cincixri_Cincixri
Cind_Quintus
Ciniod_Kenneth
Cinkapâku_Singhabahu
Cintu_Quintus
Cináed_Kenneth
Cipari_Cipare
Ciprianu_Kyprianos
Ciprianus_Cyrpianus
Cisantaxma_Cisantaxma
Cishpi_Cishpi
Cisse_Isa
Citatus_Citatos
Cièciellu_Caecilius
Cièlégino_Caelgyn
Cièrgino_Gerdin
Cièrsa_Kerza
Cièrsie_Kerses
Cièrèvano_Cerevanus
Cièrèzéaco_Ceretiacus
Cièrélodo_Gerlyd
Cièrézico_Ceredig
Cièròvéno_Gerwain
Ciètripore_Ketriporis
Ciécileo_Caecilius
Ciélvino_Celwin
Ciéléo_Coel
Ciéno_Cain
Ciérlino_Cerlyn
Ciértòco_Cerdoc
Ciérvino_Cerfin
Ciérvéno_Cerwain
Ciérziéco_Cerdig
Ciérèns_Gereint
Ciétòvino_Cedwyn
Claes_Nicholas
Clamenç_Clement
Claude_Claudius
Claugiu_Claudius
Clemen_Clement
Clemence_Clement
Clemenciu_Clementius
Clemens_Clemens
Clemens_Clement
Clemente_Clement
Clemiant_Clement
Clevas_Clevvon
Clevvo_Clevvon
Clotaire_Lothair
Clothar_Clotaire
Clydog_Louis
Cnut_Knut
Coelestinus_Celestine
Cogénin_Constantine
Colban_Kolbein
Colin_Nicholas
Colo_Culhwch
Colòco_Culhwch
Comain_Comanos
Comatus_Comatos
Combarre_Cunobarros
Comboge_Combogios
Cometai_Comitas
Comita_Comita
Commoual_Commuvalos
Conan_Conan
Congar_Cyngar
Conomor_Cunomor
Conouallon_Cynwallon
Conouarge_Cynfarch
Conouelin_Cynfelyn
Conouin_Cynfyn
Constand_Constans
Constans_Constans
Constans_Constantius
Constantine_Constantine
Constantino_Constantine
Constantinui_Constantinus
Constantinus_Constantine
Constantius_Constant
Constantius_Constantius
Constantsui_Constantius
Constantín_Constantine
Constanzo_Constantius
Constañi_Constans
Convelin_Cynfelyn
Conòvallòno_Cynwallon
Conòvarco_Cynfarch
Conòvino_Cynfyn
Conòvèlino_Cynfelyn
Corbus_Corbos
Corentin_Corentin
Cornelio_Cornelius
Corneliu_Cornelius
Cornellu_Cornelius
Cornely_Cornelius
Cornelé_Cornelius
Corona_Corona
Corrado_Konrad
Corre_Correos
Coréné_Corineus
Corénéo_Corineus
Corñellui_Cornelius
Cosma_Cosmas
Costantin_Constantinus
Costantinu_Constantine
Cotulus_Cotulos
Counertus_Counertos
Cozy_Claudius
Crassu_Crassus
Crastin_Christian
Crasui_Crassus
Crasy_Crassus
Cremen_Clemens
Crementziu_Clement
Cres_Crixos
Crescens_Crescens
Cristoforo_Christopher
Crodo_Gruffud
Crouta_Crouta
Crouí_Gruffud
Crovido_Gruffud
Crudiu_Claudius
Crévido_Griffid
Créví_Griffid
Cró_Gruffud
Ctibor_Ctibor
Cuarl_Karl
Culmin_Colman
Cumeche_Comitas
Cunschai_Constans
Cunschansy_Constantius
Cunschantiny_Constantinus
Cunstanciu_Constantius
Cunstantinu_Constantinus
Cuntara_Sundara
Cupitus_Cupitus
Cureiy_Cornelius
Curñellu_Cornelius
Cusila_Cusaila
Custennin_Constantine
Custentin_Constantine
Custeyn_Constantius
Cuthberht_Cuthbert
Cutzina_Cutzinas
Cwa_Cwa
Cwlfyn_Culmin
Cwrig_Cyriacus
Cynan_Conan
Cynddelw_Cynddelw
Cyndeyrn_Kentigern
Cyndyddan_Cyndyddan
Cynfael_Cynfael
Cynfarch_Cynfarch
Cynfelyn_Cynfelyn
Cyngar_Cyngar
Cyngen_Cyngen
Cynwallon_Cynwallon
Cysteint_Constans
Czcibor_Ctibor
Céo_Cai
Cîvallapa_Seervallabha
Cîvallapan_Seervallabhan
Còrnèléo_Cornelius
Còscénino_Constantine
Da'ud_David
Dabbalemi_Dabbalemi
Dabro_Dabro
Dabuut_David
Dabíd_David
Dadacui_Dadacus
Dadarshi_Dadarshi
Dadi_Dadi
Dadzhacy_Dadacus
Daevit_David
Dafydd_David
Dahab_Dahab
Dakauta_Dakauta
Dakin_Dakin
Dala_Dala
Dallatu_Dallatu
Dalmazius_Dalmatius
Damadas_Damadas
Damasa_Damasias
Damiano_Damian
Damiano_Damianus
Damianos_Damianos
Damião_Damian
Danail_Daniel
Danasabe_Danasabe
Daniel_Daniel
Daniil_Daniel
Danilo_Daniel
Danilu_Daniel
Daniyel_Daniel
Daniyyel_Daniel
Daniél_Daniel
Danjuma_Danjuma
Danladi_Danladi
Danlami_Danlami
Danush_Danush
Danyal_Daniel
Danél_Daniel
Danûš_Danush
Daoud_David
Daouda_David
Darayavahu_Darayavahu
Darbius_Darbios
Daren_Daren
Dariui_Darius
Dariush_Darius
Darweshi_Darweshi
Daryûš_Darius
Dasius_Dasios
Dat_Theodat
Datuvahya_Datuvahya
Dauda_Dauda
Daudi_Daudi
Dauid_David
Daura_Daura
Daveid_David
Davi_David
David_David
Davide_David
Davido_David
Davit_David
Davud_David
Davyd_David
Dawid_David
Dawit_David
Dawra_Dawra
Dawud_David
Da’oud_David
Decashui_Dicasius
Dechar_Diocaros
Dechashy_Dicasius
Dechemui_Decimus
Dechui_Decius
Deiniol_Daniel
Deiotaros_Deiotaros
Deli_Deli
Demetre_Demetrius
Demetrio_Demetrius
Demetrios_Demetrios
Demetrios_Demetrius
Demetrous_Demetrios
Deng_Deng
Deniel_Daniel
Dental_Danotalos
Dentupe_Dentupes
Dentupei_Dentupes
Deodat_Theodat
Desachentui_Desacenthus
Desashenty_Desacenthus
Deshemy_Decimus
Deshy_Decius
Detrich_Thierry
Deuso_Deusos
Deusus_Deusos
Deué_David
Devi_David
Dewashtich_Dewashtich
Dewi_David
Dhanga_Dhanga
Dhangadeva_Dhanga
Dharma_Dharma
Diaco_Diaco
Diastullus_Diastullos
Dicy_Decius
Didymos_Didymos
Dieciemu_Decimus
Dieciu_Decius
Diederick_Thierry
Diego_Jacob
Diesieñe_Diazenis
Diesièlme_Diazelmis
Dietrich_Thierry
Dikaiou_Dikaios
Dikasios_Dikasios
Dikla_Dikla
Diklah_Dikla
Dilipapala_Dilipapala
Dilippal_Dilipapala
Dim_Dim
Dimetheos_Timothy
Dimitre_Demetrius
Dinis_Dionysus
Diocretzianu_Diocletianus
Diodoros_Diodoros
Diodoru_Diodorus
Diogo_Jacob
Diometes_Diomedes
Dionesios_Dionysios
Dionisii_Dionysus
Dionisio_Dionysus
Dioniso_Dionysus
Dionysios_Dionysios
Dionysios_Dionysus
Dionysius_Dionysios
Diopu_Deopus
Dios_Dios
Dioskas_Dioskas
Dioskoros_Dioskoros
Dioskorous_Dioskoros
Dioskourid_Dioskourides
Diosombrios_Diosombrios
Dirk_Thierry
Disape_Dizapes
Diucletianu_Diocletianus
Diusporu_Deospor
Diwdad_David
Diyodoreh_Diodorus
Dièntope_Dentupes
Dièntusucu_Dentusucu
Dièsacièntu_Desakenthos
Diônisios_Dionysus
Djakoul_Djakoul
Djalore_Djalore
Djedjoi_Djedjoi
Djmnoute_Djmnoute
Djoei_Djoei
Djoore_Djoore
Djordje_George
Djore_Djoore
Djoubei_Djoubei
Djoudjir_Djoudjir
Djoui_Djoei
Dmitriy_Demetrius
Dobrigí_Dubricius
Dobromar_Dobromir
Dobrézéo_Dubricius
Docnimarus_Docnimaros
Dolo_Dolo
Domechanui_Domitianus
Domelch_Donald
Domengo_Dominicus
Domenico_Dominic
Dometsui_Domitius
Domeñecui_Dominicus
Domidgen_Domitianus
Domienco_Dominic
Domineh_Dominus
Domingo_Dominic
Dominigu_Dominic
Dominik_Dominic
Dominu_Dominus
Domitios_Domitius
Domitius_Domitius
Domnall_Donald
Domneion_Dominius
Domnilaos_Domnilaos
Domno_Dominus
Domnos_Dominus
Doménico_Dominic
Doménu_Dominus
Doménéyu_Dominic
Donadu_Donatus
Donald_Donald
Donateh_Donatus
Donatu_Donatus
Donco_Donco
Dong_Dong
Donnchad_Duncan
Donncuan_Duncan
Donnucán_Duncan
Donoal_Donald
Donuallon_Donald
Dorothe_Dorotheos
Dorrico_Dyrrig
Dorrí_Dyfrig
Dorrí_Dyrrig
Dorual_Dorfael
Dositheos_Dositheos
Doumnorix_Dumnorix
Dovrigo_Dyfrig
Draupad_Draupada
Draupada_Draupada
Drogon_Drogo
Drostan_Drystan
Drostan_Tristan
Drostano_Drystan
Drostano_Tristan
Drosten_Tristan
Drotey_Druteos
Drous_Drusus
Drousos_Drusus
Drusu_Drusus
Drusui_Drusus
Drusy_Drusus
Drystan_Tristan
Dréanu_Adrian
Duarte_Edward
Dugu_Dugu
Dulu_Oduulf
Duma_Duma
Dumeciu_Domitius
Dumeiecy_Dominicus
Dumeshany_Domitianus
Dumesy_Domitius
Dumetianu_Domitianus
Dunama_Dunama
Duncan_Duncan
Dungarth_Duncan
Dunqas_Dunqas
Dunus_Dunos
Dut_Dut
Dwyfan_Damian
Dyfnarth_Donyarth
Dyfnwal_Donald
Dyfnwallon_Dyfnwallon
Dynod_Donatus
Dyskolos_Dyskolos
Dyteutos_Dyteutos
Dytilaos_Dytilaos
Dytryk_Thierry
Dywel_Dywel
Dzhary_Darius
Dzhary_Gallus
Dzherashui_Gelasius
Dzhermanui_Germanus
Dzhesatorecui_Gesatoricus
Dzhèui_Gaius
Dàvi_David
Dèciémo_Decimus
Déodoru_Diodorus
Déogredzéanu_Diocletianus
Dòmizeano_Domitianus
Dòrvalo_Dorfael
Dúnchad_Duncan
Eadgar_Edgar
Eadmund_Edmund
Eadulf_Adolf
Eadwine_Edwin
Eadwulf_Adolf
Ealdwine_Alwin
Eany_Ilianus
Eappen_Stephen
Ebbo_Ebbon
Eberhardus_Everett
Ebisu_Evisus
Ebles_Otto
Eborico_Euric
Ebrahim_Abraham
Ede_Ede
Edearkhon_Edearchon
Edern_Edyrn
Edern_Eternus
Edgar_Edgar
Edhan_Aeddan
Edhérn_Edern
Edmund_Edmund
Ednyfed_Ednyfed
Edouarzh_Edward
Edryd_Ailred
Eduard_Edward
Eduardo_Edward
Eduardus_Edward
Edvard_Edward
Edward_Edward
Edwyn_Edwin
Edylfred_Aethelfred
Edzéu_Aetius
Efraim_Ephraim
Efrasiyab_Afrasiyab
Efšer_Afshar
Egearé_Adiarius
Egenio_Eugene
Eghisha_Elisha
Egidziu_Aegidius
Egil_Egil
Egill_Egil
Egrillu_Egrilius
Eguen_Eugene
Ehmed_Ahmad
Ehud_Ehud
Eigil_Egil
Einar_Einar
Einarr_Einar
Eiot_Eiot
Eiouliane_Julian
Eirenaios_Eirenaios
Eirenous_Eirenous
Eirik_Erik
Eirikr_Erik
Eisaipanes_Aisaipan
Eiseites_Aiset
Eisow_Jesus
Eitan_Ethan
Eitor_Hector
Eiuzy_Ennodius
Ekber_Akbar
Ekdikios_Ecdicius
Elan_Alan
Eldoe_Eldoc
Elea_Elea
Eleandre_Alexander
Elfin_Alwin
Eli_Eli
Elias_Elias
Elie_Elias
Eliezer_Eliezer
Eligius_Eligius
Elim_Elim
Eliomarus_Eliomaros
Elisha'_Elisha
Elisha_Elisha
Eliyahu_Elijah
Eliyyahu_Elijah
Ellanui_Ilianus
Elpedzui_Elpidius
Elpezy_Elpidius
Elpidios_Elpidios
Elpin_Alwin
Eluédh_Elwydd
Eluén_Elgwyn
Eluén_Elwain
Elvissus_Elvissos
Elystan_Alstan
Elî_Ali
Emelrich_Aymeric
Emhak_Emhak
Emil_Aemilius
Emilio_Aemilianus
Emmanouel_Emmanuel
Emmanu_Herman
Emmanuel_Emmanuel
Emmanuele_Manuel
Emmanuèl_Manuel
Emnatsui_Ignatius
Emrys_Ambrose
Emrys_Ambrosius
Emund_Edmund
Endut_Indutios
Enfidaig_Enfidaig
Enneco_Inigo
Enokh_Enoch
Enric_Henry
Enrico_Henry
Enrique_Henry
Enuidaig_Enfidaig
Enôch_Enoch
Enûširwan_Anushirvan
Eon_John
Eoprepi_Euprepios
Eozen_Otto
Epate_Hypatios
Epatorix_Epatorix
Epimakhos_Epimachos
Epiphantios_Epiphanios
Epitimedes_Epitimedes
Epkoui_Epkoui
Epolete_Hippolytos
Eporedorix_Eporedorix
Eposognatos_Eposognatos
Eposomnatui_Eposognatus
Eptapori_Heptaporis
Epusúñaty_Eposognatus
Eqosh_Eqosh
Eratosthenes_Eratosthenes
Erb_Urban
Erbin_Urban
Erclwf_Heracles
Ercullu_Heracles
Ercullui_Herculius
Ercuy_Herculius
Erdehan_Ardahan
Erdewan_Ardavan
Erdešîr_Ardeshir
Eredho_Aradoc
Eregéy_Aradig
Erekle_Heracles
Eric_Erik
Erich_Erik
Erik_Erik
Erkki_Erik
Ermanu_Herman
Ernst_Ernest
Erod_Arod
Eros_Eros
Eroén_Arawain
Erpin_Urban
Erramon_Raymond
Errépe_Agrippa
Erwan_Yves
Eryuzu_Heracles
Esaias_Isaiah
Esarnui_Isarnus
Esarny_Isarnus
Esdra_Esra
Esfandiar_Esfandiar
Esfendiyar_Esfandiar
Eskander_Alexander
Esma'il_Ismail
Espasie_Espasias
Estauche_Stavacos
Esteban_Stephen
Estefen_Stephen
Estève_Stephen
Estêvão_Stephen
Ett_Ett
Etziu_Aetius
Eubarnacui_Eubarnacus
Eubarñacy_Eubarnacus
Euboulos_Euboulos
Eudaf_Octavius
Eudaimon_Eudaimon
Eudes_Otto
Eudon_Otto
Eudoxos_Eudoxos
Eugammon_Eugammon
Eugenio_Eugene
Eugenios_Eugene
Eugenius_Eugene
Eugénio_Eugene
Euhemeros_Euhemeros
Eulogios_Eulogios
Eumedes_Eumedes
Eunomios_Eunomios
Euphemius_Euphemios
Euphranor_Euphranor
Euphrates_Euphrates
Eupraxios_Eupraxios
Euryphantos_Euryphantos
Eusebe_Eusebios
Eusebius_Eusebios
Eustace_Eustace
Eustache_Eustace
Eustachy_Eustace
Eustathios_Eustace
Eustathius_Eustace
Eutropios_Eutropios
Eutychianus_Eutychianos
Eutykhios_Eutychos
Eutykhos_Eutychos
Evagrios_Evagrios
Evangelos_Evangel
Evangelus_Evangel
Even_Eugene
Everard_Everett
Evrard_Everard
Ewan_Eugene
Excingomarus_Excingomaros
Eylas_Elias
Eystein_Eysteinn
Eytan_Ethan
Eyyub_Ayyub
Ezekias_Ezekiel
Ezekiel_Ezekiel
Ezra_Ezra
Eñodzui_Ennodius
Eógan_Ewan
Eóganán_Eugene
Ešot_Ashot
Fabeanu_Fabianus
Fabeanui_Fabianus
Fabeany_Fabianus
Fabien_Fabianus
Fabiu_Fabius
Fabiui_Fabius
Fabiy_Fabius
Fabri_Fabrician
Fabrichui_Fabricius
Fabriciu_Fabricius
Fabrishy_Fabricius
Fabéano_Fabianus
Fadrique_Frederick
Fagundu_Facundus
Faisal_Faisal
Faizu_Faizu
Fanaka_Fanaka
Faraji_Faraj
Faramarz_Faramarz
Faranshi_Pharanses
Faraz_Faraz
Farbokht_Farbokht
Fareed_Farid
Farhad_Farhad
Fariborz_Fariborz
Fariburz_Fariborz
Farijika_Farijika
Farquhar_Farquhar
Farroukh_Farroukh
Farrukh_Farroukh
Farrukhzad_Farrukhzad
Faruk_Faruk
Faruq_Faruq
Farzad_Farzad
Faustu_Faustus
Faustui_Faustus
Faustus_Faustus
Fearghus_Fergus
Fedelmid_Fedlimid
Federigo_Frederick
Fedlimid_Fedlimid
Fedot_Theodat
Fei_Felix
Feidlimid_Fedlimid
Feiepy_Philippus
Felec_Felix
Feles_Felix
Felice_Felix
Feligz_Felix
Felip_Philip
Felipe_Philip
Felix_Felix
Felleppu_Philip
Fellepui_Philippus
Felli_Felix
Fellip_Felix
Feodor_Theodore
Feramez_Faramarz
Ferant_Ferdinand
Feraz_Faraz
Ferdinando_Ferdinand
Ferdows_Ferdows
Fereedun_Feridun
Ferenc_Francis
Fergus_Fergus
Ferhad_Farhad
Ferhan_Farhan
Ferheng_Farhang
Feriburz_Fariborz
Fernando_Ferdinand
Ferne_Ferne
Fernán_Ferdinand
Fernão_Ferdinand
Ferran_Ferdinand
Ferrand_Ferdinand
Ferrando_Ferdinand
Ferux_Farroukh
Feruxzad_Farrukhzad
Ferzad_Farzad
Ferîd_Farid
Ferîdun_Feridun
Fezl_Fadl
Fezlun_Fadlun
Ffernfael_Ffernfael
Ffilip_Philip
Ffransis_Fransis
Ffriog_Friog
Fiaurens_Florence
Fidel_Fidelis
Filip_Philip
Filipe_Philip
Filippo_Philip
Filips_Philip
Filipu_Philip
Firdews_Ferdows
Firmu_Firmus
Flaianus_Flavianus
Flaueanui_Flavianus
Flauio_Flavius
Flaveanu_Flavianus
Flavius_Flavius
Floeany_Flavianus
Floreanui_Florianus
Florentius_Florence
Florenzo_Florentius
Florianus_Florianus
Florien_Florianus
Floí_Flavius
Flureanu_Florianus
Flureiany_Florianus
Folc_Folke
Folco_Folke
Folke_Folke
Folki_Folke
Folquet_Folke
Foluí_Fulvius
Folvio_Fulvius
Fortún_Fortunatus
Fosty_Faustus
Foulces_Folke
Foulques_Folke
Fracan_Fragan
Frada_Frada
Fragan_Fragan
Franceis_Francis
Francesc_Francis
Francescino_Francis
Francesco_Francis
Francisco_Francis
Franciscus_Francis
Francés_Francis
Frane_Francis
Franjo_Francis
Frans_Francis
Frantisek_Francis
Franz_Francis
François_Francis
Fravarti_Fravarti
Frañsez_Francis
Fredenand_Ferdinand
Frederi_Frederick
Frederic_Frederick
Frederico_Frederick
Frederik_Frederick
Fredrik_Frederick
Frej_Frej
Freyr_Frej
Fridericus_Frederick
Friderigu_Frederick
Friedenando_Ferdinand
Friednand_Ferdinand
Friedrich_Frederick
Frioc_Ffriog
Frode_Frode
Froila_Froila
Froila_Fruela
Frojo_Froio
Froru_Florus
Froði_Frode
Frugianu_Flavianus
Frédéric_Frederick
Fuad_Fuad
Fulco_Folke
Fulk_Folke
Fulöp_Philip
Fune_Fune
Fustu_Faustus
G?du_Quintus
Gabinu_Gabinus
Gabriel_Gabriel
Gabrieli_Gabriel
Gabrielu_Gabriel
Gabri’el_Gabriel
Gabussa_Capussa
Gaddo_Gaddo
Gadeon_Gideon
Gael_Judikael
Gagik_Gagik
Gagiki_Gagik
Gaguwe_Gaguwe
Gaianos_Gaianos
Gaieny_Gallienus
Gaiery_Galerius
Gaios_Gaius
Gaisalaiks_Gisalic
Gaiu_Gaius
Gaizatorix_Gaizatorix
Gaji_Gaji
Gajideni_Gajideni
Galan_Galan
Galbe_Galba
Galeriu_Galerius
Galet_Galatos
Galind_Galindo
Galindas_Galindo
Galindo_Galindo
Gallenu_Gallienus
Gallenui_Gallienus
Galleriu_Galerius
Galleriui_Galerius
Gallery_Galerius
Gallios_Gallius
Gallo_Gallus
Gallu_Gallus
Galrima_Galrima
Gambo_Gambo
Gana_Gana
Ganant_Gerontius
Gani_Gani
Garalt_Gerald
Garang_Garang
Garbai_Garbai
Garcia_Garcia
García_Garcia
Garmelu_Garmul
Garmon_German
Garsia_Garcia
Garsiya_Garcia
Garui_Gallus
Garyasanu_Carcasan
Garçi_Garcia
Gasparru_Caspar
Gaston_Gaston
Gastone_Gaston
Gaubaruva_Gaubaruva
Gaucelin_Joscelin
Gauchier_Gaucher
Gausbert_Gausbert
Gausfred_Godfrey
Gauthier_Walter
Gautier_Walter
Gauéno_Gawain
Gavrail_Gabriel
Gavriel_Gabriel
Gavriil_Gabriel
Gavril_Gabriel
Gavrilo_Gabriel
Gawel_Gallus
Gay_Gaius
Gaye_Gaya
Gayi_Caius
Gazali_Gazal
Gazi_Gazi
Gedanu_Gaietànu
Gedeon_Gideon
Gederí_Gadric
Gedhan_Caddan
Gedhelle_Cadell
Gedoe_Cadog
Gedoualle_Cadfael
Gedoualle_Cadwal
Gedouallon_Cadwallon
Gedoui_Cadwy
Gegím_Decimus
Gelasiu_Gelasius
Geledhin_Caleddin
Gelegin_Caelgyn
Gelestinos_Caelestinos
Gelgel_Gelgel
Gelimeru_Gelimer
Gellá_Gyllad
Gelé_Coel
Geléd_Galed
Gennatios_Gennadius
Geoffrey_Godfrey
Geoffroi_Godfrey
Geoffroy_Godfrey
Georg_George
George_George
Georgios_George
Georgius_George
Georgy_George
Geosselin_Joscelin
Gerado_Caradoc
Geraint_Gerontius
Gerald_Gerald
Geraldo_Gerald
Gerallt_Gerald
Geralt_Gerald
Gerard_Gerald
Gerard_Gerard
Gerardo_Gerard
Geraud_Gerald
Gerauen_Carawain
Gerdo_Cerdoc
Geregíey_Ceretiacus
Gerelé_Caraled
Gerelé_Gerled
Gereuen_Cerevanus
Gerey_Carig
Gergey_Cerdig
Gergin_Gerdin
Gerhardus_Gerald
Germain_Germanus
Germanikus_Germanicus
Germanos_Germanus
Germanus_Germanus
Germias_Jeremy
Gerontsi_Gerontios
Gerovén_Gerwain
Gerred_Gerreth
Gerren_Gerontius
Geréd_Gareth
Gerégey_Ceredig
Gerélle_Derella
Geríló_Gerlyd
Gesar_Caesar
Geserik_Geisericus
Gesouallon_Caswallon
Gesserigu_Genseric
Gestin_Justin
Geuan_Cavan
Gevorg_George
Gevér_Severus
Geôrgios_George
Ghana_Ghana
Gheorghe_George
Gheorghi_George
Ghobad_Ghobad
Giacomo_Jacob
Giago_James
Giagobu_Jacob
Gian_John
Giaroa_Yaroah
Gid'on_Gideon
Gierolt_Gerald
Gierominu_Jerome
Gigurum_Gregory
Giir_Giir
Gijimasu_Gijimasu
Gil_Egidius
Gilad_Gilead
Gilbert_Gilbert
Gilberto_Gilbert
Gilbride_Gilbert
Gilbèrt_Gilbert
Gilchrist_Gilchrist
Gilding_Gilding
Gilduinus_Gelduin
Gildwin_Gelduin
Giles_Egidius
Gilla-Brígte_Gilbert
Gilles_Egidius
Gilo_Gilo
Gilpatrick_Gilpatrick
Giohanne_John
Giorgei_George
Giorgi_George
Giorgio_George
Giosefu_Joseph
Giovanni_John
Girald_Gerhard
Girard_Gerard
Giric_Gregory
Gisaligu_Gisalic
Giselbert_Gilbert
Gisilbertus_Gilbert
Gitimelu_Gitimelu
Giuba_Yuba
Giudila_Iudila
Giulio_Iulius
Giullanu_Julian
Giullu_Julius
Giulí_Iulius
Giustinianu_Justinian
Giustinu_Justin
Giustu_Justus
Giwargis_George
Gièllado_Gyllad
Gièralto_Gerald
Gièréllé_Derella
Giéniolo_Deiniol
Glaukias_Glaukias
Glywys_Claudius
Gnupa_Gnupa
Gobir_Gobir
Godafres_Godfrey
Godarz_Godarz
Godefridus_Godfrey
Godefroi_Godfrey
Godefroy_Godfrey
Godfrey_Godfrey
Godfried_Godfrey
Godouan_Gudovan
Godwyn_Godwin
Goffredo_Godfrey
Gombau_Gundoald
Gomez_Gomez
Gomidius_Gomez
Goméda_Comita
Gon_Gon
Gonnezu_Cornelius
Gonzalo_Gonzalo
Gonçalo_Gonzalo
Gopal_Gopala
Gopala_Gopala
Gopendraka_Gopendraraja
Gopendraraja_Gopendraraja
Gordeanui_Gordianus
Gorm_Gorm
Gorona_Corona
Gosdantin_Constantine
Goshtasb_Goshtasb
Gossa_Cosmas
Gostãdénu_Constantine
Gotarzes_Gotarzes
Gotfred_Godfrey
Gottfried_Godfrey
Gotòvano_Gudovan
Goukouni_Goukouni
Goutus_Goutos
Govinda_Govindaraja
Govindapala_Govindaraja
Govindaraja_Govindaraja
Govindraj_Govindaraja
Gowon_Gowon
Gozon_Gozon
Goén_Gawain
Goštasp_Goshtasb
Graccu_Gracchus
Grachanui_Gratianus
Gracui_Gracchus
Gracy_Gracchus
Gradzéanu_Gratianus
Grashany_Gratianus
Grassu_Crassus
Gratianu_Gratianus
Gratzianu_Gratianus
Grazéano_Gratianus
Greger_Gregory
Gregers_Gregory
Gregor_Gregory
Gregoras_Gregory
Gregore_Gregory
Gregorio_Gregory
Gregorios_Gregory
Gregoriu_Gregory
Gregorius_Gregory
Gregory_Gregory
Gregéan_Gratianus
Gregório_Gregory
Grem?dzéu_Clement
Gremen_Clemens
Grigoli_Gregory
Grigor_Gregory
Grigore_Gregory
Grigori_Gregory
Grigorii_Gregory
Grigoris_Gregory
Grigoriy_Gregory
Grim_Grim
Grimr_Grim
Groréu_Gregory
Grudéu_Claudius
Gruffydd_Ruffinus
Grwgari_Gregory
Grygor_Gregory
Grzegorz_Gregory
Grézu_Egrilius
Guaram_Guaram
Gudemar_Gundemar
Gudmund_Gudmund
Gudröd_Gudröd
Gudrød_Gudröd
Gudzéna_Cutzinas
Guedor_Gwidyr
Gueleréan_Valerianus
Guelerén_Valerin
Guenfanu_Guenfan
Guerau_Gerald
Guerdhérn_Gwerthern
Guergel_Fergal
Guerogé_Verutius
Gueré_Varius
Gugwa_Gugwa
Gui_Guy
Guichardus_Guichard
Guidelén_Vitalinus
Guido_Guy
Guidone_Guy
Guiges_Guiges
Guigues_Guy
Guij_Guy
Guilhem_William
Guilherme_William
Guilhèm_William
Guilielmus_William
Guillaume_William
Guillem_William
Guillermo_William
Guillén_William
Guindorí_Vindotorix
Guiraud_Gerald
Guislabert_Gilbert
Guitart_Gerard
Guitoien_Octavianus
Guitoy_Octavius
Guji_Guji
Gum_Gum
Gundamundu_Gunthamund
Gundemar_Gundemar
Gunnar_Gunnar
Gunnarr_Gunnar
Guntrigu_Guntharic
Guor_Guor
Guram_Guaram
Gurdeany_Gordianus
Gurdianu_Gordianus
Gurgen_Lupo
Gurthiern_Vortigern
Gustaf_Gustav
Guséla_Cusaila
Guthfrith_Godfrey
Guthmund_Gudmund
Gutouar_Gutuater
Guttier_Walter
Guttorm_Gorm
Guvaka_Govindaraja
Guy_Guy
Guí_Cai
Guí_Gaius
Guílodhin_Gwylyddyn
Guítri_Gwydre
Guðfrið_Godfrey
Guðmundr_Gudmund
Guðröðr_Gudröd
Gwalchmai_Gavin
Gwen_Finn
Gwerstan_Werestan
Gwerthefyr_Vortimer
Gwerthern_Vortigern
Gwijde_Gwijde
Gwilherm_William
Gwilym_William
Gwrfawr_Gwrfawr
Gwrgant_Fergus
Gwrgeneu_Gwrgeneu
Gwrgi_Gwrgi
Gwriad_Viriathius
Gwydol_Vitalis
Gwydolin_Vitalinus
Gwyn_Finn
György_George
Gábriel_Gabriel
Gáspár_Caspar
Gèdiere_Gaidres
Gèrmanu_Germanus
Gébaré_Cipare
Gébréanu_Kyprianos
Gédholl_Sedullus
Gédouin_Cedwyn
Gégilé_Caecilius
Gélesténu_Celestine
Géluin_Celwin
Gén_Cain
Géneol_Deiniol
Géo_Gaius
Gérard_Gerard
Géraud_Gerald
Géraud_Gerard
Géren_Gereint
Gérlin_Cerlyn
Géruin_Cerfin
Géruén_Cerwain
Géyézu_Caecilius
Gíd_Titus
Habib_Habib
Habil_Abel
Habélyéu_Fabricius
Hacon_Hakon
Hadi_Hadi
Hadrianus_Adrian
Hadrianus_Hadrian
Hafif_Khafif
Hafiz_Hafiz
Hagor_Hagor
Hajar_Hajar
Hakam_Hakam
Hakar_Hakar
Hakeem_Hakim
Hakim_Hakim
Hakon_Hakon
Halalle_Halalle
Halbjörn_Halbeorn
Haldita_Haldita
Hali_Hali
Halsten_Halsten
Hamadi_Hamad
Hamelinus_Hamelin
Hamid_Hamid
Hamidi_Hamidi
Hamisi_Hamisi
Hammada_Hammada
Hamoi_Amois
Hampous_Hampous
Hamzah_Hamzah
Hanif_Hanif
Hanina_Chanin
Hanri_Henry
Hans_Hans
Hanus_John
Haoniyao_Haoniyao
Haqar_Hagar
Harald_Harold
Haraldr_Harold
Haroa_Yaroah
Harold_Harold
Haroun_Aaron
Harpokration_Harpokration
Harri_Henry
Harsa_Harsa
Harshapala_Harsa
Hasan_Hasan
Hashim_Hashim
Hassaballah_Hassaballah
Hassan_Hasan
Havel_Gallus
Haxamanish_Haxamanish
Hayo_James
Hayobu_Jacob
Haytili_Haetilius
Hayundu_Facundus
Hazarasp_Hazarasp
Hebel_Abel
Hecondhe_Secundus
Hegesias_Hegesias
Hegesineikos_Hegesinikos
Hegrili_Egrilius
Heimericus_Henry
Heinrich_Henry
Helge_Helge
Helgi_Helge
Helias_Elijah
Heliodoros_Heliodoros
Heléy_Felix
Hendrik_Henry
Henea_Aineas
Henri_Henry
Henricus_Henry
Henrik_Henry
Henrique_Henry
Henry_Henry
Henryk_Henry
Hephaistas_Hephaistos
Heracles_Herakles
Heraklamon_Heraklammon
Heraklas_Herakles
Herakle_Herakleios
Herakle_Herakles
Herakleides_Herakleides
Herakleios_Heracles
Herakleon_Herakleon
Herakles_Herakles
Herbeit_Herbeit
Herbert_Herbert
Herbertus_Herbert
Hercule_Herculius
Herculius_Heracles
Hereberht_Herbert
Heres_Heres
Herewallt_Hereweald
Hereweald_Hereweald
Herieu_Herieu
Herman_Herman
Hermann_Herman
Herme_Hermes
Hermia_Hermias
Hermine_Herminos
Hermogenes_Hermogenes
Heroménu_Jerome
Heron_Heron
Heroyodj_Heroyodj
Herri_Henry
Hesd_Sextus
Hesen_Hasan
Hettím_Septimus
Heu_Heu
Hevel_Abel
Hezarhesp_Hazarasp
Hierax_Hierax
Hieronymus_Hieronymos
Hilare_Hilarius
Hilarius_Hilary
Hildebertus_Hildebert
Hilderik_Hilderik
Hippomakhos_Hippomachos
Hirapal_Hirapala
Hirapala_Hirapala
Hishi_Hishi
Hisên_Hussein
Hjalmar_Hjalmar
Hlothere_Lothair
Hlutar_Chlotar
Hoanne_John
Hoase_Jesse
Hoasse_Jesse
Hoassi_Jesse
Hodari_Hodari
Hoel_Hywel
Holmger_Holmger
Hone_Hone
Honorius_Honorius
Hooshyar_Hooshyar
Hor_Horos
Horame_Horame
Horatio_Horatius
Horiken_Horigenes
Horion_Horion
Hormazd_Hormazd
Hormizes_Hormazd
Hormoz_Hormoz
Horos_Horos
Horsiese_Horsiese
Hosen_Hossein
Hoseu_Joseph
Hossein_Hossein
Houmisi_Houmisi
Hovhannes_John
Hovsep_Joseph
Hozai_Chozai
Hoël_Hugh
Hretor_Rhetor
Hrodake_Rhodakios
Hrodberht_Robert
Hrolfr_Rolf
Hromaios_Romaeus
Hrophinos_Rufinus
Hrörekr_Rurik
Huba_Yuba
Hudéla_Iudila
Hug_Hugh
Huges_Hugh
Hugh_Hugh
Hugo_Hugh
Hugues_Hugh
Huiarnviu_Harvey
Humbert_Humbert
Humbertus_Humbert
Hume_Hume
Humfridus_Onfroy
Hummay_Hummay
Hurmiz_Hormazd
Huseyn_Hussayn
Hussain_Husayn
Hussayn_Hussayn
Hussein_Hussayn
Hustenú_Justin
Hustu_Faustus
Hustu_Justus
Husténéanu_Justinian
Huw_Hugh
Huzanu_Julian
Huzu_Julius
Hynek_Henry
Hyratthis_Hyratthis
Hywel_Hywel
Håkan_Hakon
Håkon_Hakon
Hémmu_Firmus
Hêlias_Elias
Iacob_Jacob
Iacobino_Jacob
Iacobus_Jacob
Iago_Jacob
Iaiy_Annius
Iakob_Jacob
Iakobos_Jacob
Iakov_Jacob
Ialby_Albus
Iannes_John
Iantullus_Iantullos
Iantumarus_Iantumaros
Iaphthas_Iaphthas
Iason_Jason
Iatros_Iatros
Ibedou_Ibedou
Ibrahim_Abraham
Ibrahim_Ibrahim
Icco_Icco
Idderidu_Hilderith
Idderigu_Hilderic
Idnerth_Idnerth
Idris_Idris
Idual_Idwal
Iduallon_Idwallon
Idwal_Idwal
Idwallon_Idwallon
Iebery_Liberius
Iepushany_Nepotianus
Ierakion_Hierakion
Ieremias_Jeremiah
Ierua_Nerva
Iesheiy_Licinius
Iesous_Jesus
Iestan_Justin
Iestyn_Justin
Ieuan_John
Iezekiel_Ezekiel
Ifor_Ivar
Igideru_Igider
Ignadios_Ignatius
Ignatios_Ignatius
Igor_Ingvar
Illarion_Hilarion
Ilyas_Elijah
Ilyas_Ilyas
Imam_Imam
Imamu_Imamu
Imanish_Imanish
Imiliu_Aemilius
Immanuel_Emmanuel
Indrapal_Indrapala
Indrapala_Indrapala
Indre_Indra
Inge_Ingolf
Ingelramnus_Enguerrand
Ingir_Ingir
Ingvar_Ingvar
Innatziu_Ignatius
Innocentius_Innocent
Inwær_Ingvar
Inácio_Ignatius
Ioan_John
Ioane_John
Ioannake_Ioannikios
Ioannes_John
Ioaqim_Joachim
Ioañi_Iohannes
Iob_Job
Iocilin_Joscelin
Iodoc_Judicael
Ioel_Joel
Iohannes_John
Iohannis_Iohannes
Iola_Iolaos
Iomatius_Iomatios
Ion_Ion
Ionas_Jonas
Ionatham_Jonathon
Iophelin_Ophelion
Iordanes_Iordanes
Iordanes_Jordan
Iordanes_Jordanes
Iorweth_Edward
Iosaphat_Josaphat
Ioscelinus_Joscelin
Iosef_Joseph
Iosep_Joseph
Ioseph_Joseph
Iosephus_Joseph
Iouan_John
Ioudas_Judas
Ioueanui_Iovianus
Iouli_Julius
Ioulianos_Julian
Ioulios_Julius
Iouni_Junius
Iounohar_Ianuarius
Iousta_Iustus
Ioustinianos_Justinian
Ioustinos_Justin
Irb_Urban
Irkin_Irkin
Irâcacimman_Rajasingan
Irâcarâca_Rajaraja
Irâcâcekara_Rajasekhara
Irâcâtirâca_Rajadhiraja
Irâcâtitta_Rajaditya
Irâcêntira_Rajendra
Is'mail_Ismail
Isa_Jesus
Isaac_Isaac
Isaak_Isaac
Isamas_Isamas
Isarnu_Eisarn
Ishaku_Ishaku
Ishaq_Isaac
Ishkhan_Ishkhan
Ishkhanik_Ishkhan
Isidorio_Isidore
Isidoros_Isidore
Isingoma_Isingoma
Iskander_Alexander
Iskender_Alexander
Iskinder_Alexander
Isma'il_Ismail
Ismacil_Is'mail
Ismail_Ismail
Ismaila_Ismaila
Isokrate_Isokrates
Isokrates_Isokrates
Israel_Israel
Issa_Isaac
István_Stephen
Ithalas_Ithalas
Ithannyros_Ithannyros
Ithel_Ithel
Ittac_Isaac
Itto_Itto
Itucus_Itucos
Itulus_Itulos
Iu_Leo
Iuan_John
Iuani_Iohannes
Iuanne_John
Iudicaelh_Judicael
Iudoc_Judicael
Iueany_Iovianus
Iueany_Iulianus
Iulianus_Julian
Iulius_Julius
Iullanu_Julian
Iulleanui_Iulianus
Iullu_Julius
Iullui_Iulius
Iunsy_Leontius
Iuscheñeanui_Iustinianus
Iusheieany_Iustinianus
Iustieñanu_Justinian
Iustinianus_Justinian
Iustinu_Justin
Iustinui_Iustinus
Iustinus_Justin
Iustiny_Iustinus
Iustus_Iustus
Iuveanu_Iovianus
Iuy_Iulius
Iuy_Iunius
Iuñu_Junius
Iuñui_Iunius
Ivan_John
Ivar_Ivar
Ives_Yves
Ivo_Yves
Ivor_Ivar
Iyob_Job
Izzo_Izzo
Ièmeany_Aemilianus
Ièmeiy_Aemilius
Ièsy_Aetius
Ièzhezy_Aegidius
Iêsous_Jesus
Iôannou_Jonah
Iôannês_John
Jaakoppi_Jacob
Jabari_Jabari
Jacco_Jacob
Jacek_Hyacinth
Jacenty_Hyacinth
Jacme_Jacob
Jacob_Jacob
Jacobello_Jacob
Jacobino_Jacob
Jacobo_Jacob
Jacomelo_Jacob
Jacop_Jacob
Jacopo_Jacob
Jacques_Jacob
Jafari_Jafari
Jaffe_Yaffa
Jafrez_Godfrey
Jaganpal_Jaganpala
Jaganpala_Jaganpala
Jagatpal_Jagatpala
Jagatpala_Jagatpala
Jagdev_Jagdeva
Jagdeva_Jagdeva
Jaha_Jaha
Jahandar_Jahandar
Jahangir_Jahangir
Jahanshah_Jahanshah
Jaime_Jacob
Jaitra-Singh_Jaitrasimha
Jaitrasimha_Jaitrasimha
Jakez_Jacob
Jakob_Jacob
Jaksa_Jacob
Jakub_Jacob
Jakusz_Jacob
Jal_Jal
Jalil_Jalil
Jamal_Jamal
Jamel_Jamel
James_Jacob
Jamne_Jamne
Jamshid_Jamshid
Jan_John
Janis_John
Janislaw_John
Janko_John
Janos_John
Janusz_John
Jaramogi_Jaramogi
Jaramongi_Jaramongi
Jarisleif_Jaroslav
Jaromar_Jaromir
Jaromir_Jaromir
Jaromír_Jaromir
Jaropluk_Yaropolk
Jaroslav_Jaroslav
Jaroslaw_Jaroslav
Jasapala_Jasapala
Jaspal_Jasapala
Jatanpal_Jatanpala
Jatanpala_Jatanpala
Jatau_Jatau
Jaufre_Godfrey
Jaufret_Godfrey
Jaufré_Godfrey
Jaume_Jacob
Javanshir_Javanshir
Javeed_Javeed
Jay-Singh_Jayasimha
Jayaraja_Jayaraja
Jayasimha_Jayasimha
Jayat-Singh_Jayasimha
Jean_John
Jedrzej_Andrew
Jedvard_Edward
Jehan_John
Jehane_John
Jela_Jela
Jelani_Jelani
Jengo_Jengo
Jerjer_Gregory
Jerzy_George
Jhetpal_Jhetpala
Jhetpala_Jhetpala
Jibril_Jibril
Jilberzh_Gilbert
Jimatvande_Jimatvande
Jimeno_Simon
Jina_Jina
Jindrich_Henry
Jiolian_Julian
Jirí_George
Jirík_George
Joan-Alfons_John-Alphonse
Joan_John
Jofré_Godfrey
Johan_John
Johann_John
Johannes_John
John_John
Jok_Jok
Jon_John
Jord_Jordan
Jordan_Jordan
Jordanes_Jordanes
Jordà_Jordan
Jorge_George
Joscelin_Joscelin
Josif_Joseph
Josip_Joseph
Josselin_Joscelin
José_Joseph
Jourdain_Jordan
Jovan_John
Jozef_Joseph
João_John
Jualb_Albus
Juan-Alfonso_John-Alphonse
Juan_John
Juanshir_Javanshir
Judikael_Judikael
Juk_Juk
Jules_Julius
Julian_Julian
Julien_Julian
Juliusz_Julian
Julián_Julian
Julião_Julian
Juma_Juma
Jumaane_Jumaane
Juvven_John
Jákob_Jacob
János_John
Józef_Joseph
József_Joseph
Júlio_Julian
Kaarle_Charles
Kabe_Kabe
Kabiou_Akabios
Kabir_Kabir
Kaday_Kaday
Kadir_Kadir
Kadjoudj_Kadjoudj
Kado_Cadoc
Kado_Kado
Kaet_Kaet
Kaikhosro_Keykhosrau
Kaikilios_Caecilius
Kailaspal_Kailaspala
Kailaspala_Kailaspala
Kaisar_Caesar
Kaisarios_Caesar
Kajwang_Kajwang
Kakhopal_Kakhopala
Kakhopala_Kakhopala
Kalabotte_Kalabotes
Kalamaule_Kalamaule
Kalammon_Kalamon
Kalaponios_Calpurnius
Kalashire_Kalashire
Kale_Kalles
Kalge_Kalge
Kalinikos_Kallinikios
Kalipe_Kallippos
Kalisthene_Kallisthenes
Kallikle_Kallikles
Kallimakhos_Kallimachos
Kallinikos_Kallinikos
Kalliopos_Kalliopes
Kallistratos_Kallistratos
Kaloionistos_Kaloionistos
Kalope_Kalopous
Kalotykh_Kalotychos
Kamalgi_Kamalgi
Kamanda_Kamanda
Kamari_Kamari
Kambaules_Cambaules
Kambuyija_Kambuyija
Kame_Kame
Kamil_Camillus
Kamil_Kamil
Kanajeji_Kanajeji
Kanak_Kanak
Kanake_Kanaka
Kanakk_Kanak
Kandala_Kandala
Kanemi_Kanemi
Kano_Kano
Kantarâtitta_Gandarditya
Kantitos_Candidus
Kanut_Canute
Kanvarpal_Kanvarpala
Kanvarpala_Kanvarpala
Kapai_Kapai
Kapollo_Apollon
Kapriel_Gabriel
Karadeg_Caradog
Karandeva_Karnadeva
Karbagari_Karbagari
Kareem_Kareem
Karel_Charles
Karim_Karim
Karl_Charles
Karlo_Charles
Karlo_Karl
Karlu_Charles
Karlz_Charles
Karnadeva_Karnadeva
Karneades_Karneades
Karol_Charles
Karour_Karour
Kasefroge_Kasefroge
Kashim_Kashim
Kasimar_Casimir
Kassignatos_Cassignatos
Kastor_Kastor
Kasu_Kasu
Katakarmabe_Katakarmabe
Katharon_Katharon
Katomaros_Catomaros
Katsina_Katsina
Katur_Katur
Kauro_Gabriel
Kavoos_Kavoos
Keerti-Verma_Kirtivarman
Keler_Celer
Kellad_Celladius
Keloul_Keloul
Kenneth_Kenneth
Kereenyaga_Kereenyaga
Kerethrios_Cerethrios
Kerman_Germanus
Keykhosrau_Keykhosrau
Keyxusrew_Keykhosrau
Khael_Chael
Khafif_Khafif
Khairemon_Chairemon
Khairesilaos_Chairesilaos
Khairi_Khairi
Khairon_Charion
Khaleon_Chalion
Khalfani_Khalfani
Khalifah_Khalifa
Khalil_Khalil
Khalion_Chalion
Kham_Chaim
Khamisi_Khamus
Kharakhte_Kharakhte
Khares_Chares
Khari_Khari
Kharmandar_Kharmandar
Khashayar_Khashayar
Khemtsney_Khemtsney
Khenousi_Khenousi
Khetrapal_Khetrapala
Khetrapala_Khetrapala
Khodadad_Khodadad
Khonsaios_Chonsaios
Khosrau_Khosrau
Khosrov_Khosrau
Khosrow_Khosrow
Khresante_Chrysanthos
Khrestos_Christ
Khristodoloy_Christodoulos
Khristodore_Christodoros
Khristodoulos_Christodoulos
Khristophore_Christopher
Khristophoros_Christopher
Khromatios_Chromatios
Khudayar_Khudayar
Khurshid_Khurshid
Kibwe_Kibwe
Kiir_Kiir
Kiratpal_Kiratpala
Kiratpala_Kiratpala
Kirill_Cyril
Kirtivarman_Kirtivarman
Kisoki_Kisoki
Kito_Kito
Kitwana_Kitwana
Kiwrike_Kiurike
Kiyari_Kiyari
Klados_Klados
Klarios_Klarios
Klaros_Clarus
Klaudios_Claudius
Klaute_Claudius
Klemes_Clemens
Klendros_Kleandros
Kleoboule_Kleoboulos
Kleon_Kleon
Kleoniko_Kleonikos
Kliment_Clement
Klomdje_Klomdje
Knud_Knut
Knut_Knut
Kobe_Kobe
Koenraad_Konrad
Kofi_Kofi
Kolbeue_Kolbeue
Kolbjörn_Kolbeorn
Kollouthes_Kolthe
Kolman_Koloman
Koloman_Koloman
Kolomanu_Koloman
Koloudje_Kolthe
Kolthe_Kolthe
Koman_Koman
Kombolomaros_Combolomaros
Komboutis_Combutis
Komes_Comes
Kometos_Kometes
Komode_Commodus
Komontorios_Comontorios
Komos_Komos
Konan_Conan
Konarios_Konarios
Konnakorix_Connacorix
Konon_Konon
Konrad_Konrad
Konrád_Konrad
Konstantin_Constantine
Konstantine_Constantine
Konstantinos_Constantine
Konstantios_Constantius
Konstas_Constans
Kopa_Kopa
Kopre_Kopres
Kopres_Kopres
Korau_Korau
Kordos_Kordos
Kornel_Cornelius
Kornelios_Cornelius
Kosma_Kosmas
Kosmas_Cosmas
Kosom_Kosom
Kossy_Joshua
Kostantinos_Constantinos
Kosu_Kosu
Koui_Kouthis
Kouison_Kouison
Koulkhios_Koulchios
Kounthos_Gundahar
Kovu_Kovu
Koydin_Koydin
Koz'ma_Cosma
Koädratos_Quadratus
Koïntos_Quintus
Kresimar_Kresimir
Kresisleif_Krzeslaw
Krire_Krire
Krisanthos_Chrystanthos
Kristian_Christian
Kristof_Christopher
Krystafer_Christopher
Krystyn_Christian
Krzysztof_Christopher
Kshemraja_Xemraja
Ktetous_Ktetous
Ktistes_Ktistes
Ku_Ku
Kual_Kual
Kuende_Kuende
Kukne_Kukne
Kukuna_Kukuna
Kulacêkara_Kulasekhara
Kulacêkaran_Kulasekharan
Kulong_Kulong
Kulôttunka_Kulothunga
Kumbari_Kumbari
Kuno_Konrad
Kunwar_Kunwar
Kunwarpal_Kunwar
Kuol_Kuol
Kur_Kur
Kura_Kura
Kuri_Kuri
Kuriakos_Kyriakos
Kurian_Cyrus
Kurillos_Cyril
Kuru_Kuru
Kurush_Cyrus
Kuti_Kuti
Kuuti_Knut
Kuwaana_Kuwaana
Kwame_Kwame
Kwanzaa_Kwanzaa
Kwirapabhadra_Virabhadra
Kyprianos_Kyprianos
Kyprios_Kyprios
Kyriakos_Kyriakos
Kyrillos_Cyril
Kyros_Kyros
Kyros_Cyrus
Károly_Charles
Kâvus_Kavoos
Kêkili_Caecilius
Kôpperuñcimman_Kopperunchinga
Kûrušê_Cyrus
Labes_Labes
Labongo_Labongo
Lachlan_Roland
Ladarno_Lladarn
Lajos_Louis
Lakon_Lakon
Lakshmana_Lakshmanadeva
Lakshmanadeva_Lakshmanadeva
Lakydes_Lakydes
Lala_Lalas
Lambert_Lambert
Lamberto_Lambert
Lammon_Lammon
Lampoy_Lampos
Lang_Lang
Lanhjin_Lanhjin
Lanòvalo_Lanval
Lanòvalo_Llanval
Laorans_Laurence
Lars_Laurence
Laréyu_Alaric
Laszio_Lazarus
Laurence_Laurence
Laurenso_Lawrence
Laurentios_Laurence
Laurentiu_Laurence
Laurentius_Laurence
Laurentsui_Laurentius
Lauri_Laurence
Laurènç_Laurence
Lavus_Lavos
Lazar_Lazarus
Lazare_Lazarus
Lazaro_Lazarus
Lazaros_Lazaros
Lazaros_Lazarus
Lazarus_Lazarus
Lazarz_Lazarus
Lazer_Lazarus
Learkhos_Learchos
Ledharn_Lladarn
Lekanos_Lekanos
Lekr_Lech
Lenoual_Lanval
Lenoual_Llanval
Lenuzo_Leo
Leo_Leo
Leon_Leo
Leon_Leon
Leonard_Leonard
Leone_Leo
Leonei_Leonis
Leonhardus_Leonard
Leonnorios_Leonnorios
Leontios_Leontios
Leontios_Leontius
Leontius_Leontios
Leontius_Leontius
Leontziu_Leontius
Leporios_Leporios
Leshãdru_Alexander
Lesjek_Leszek
Leukippos_Leukippos
Lev_Leo
Levan_Leo
Levon_Leo
Leõdzéu_Leontius
Liam_William
Liaun_Leon
Liberios_Liberius
Liberius_Liberius
Liccaius_Liccaios
Likayik_Likayik
Lionce_Leontius
Lleberiui_Liberius
Llecheñui_Licinius
Llecieñu_Licinius
Lles_Lucius
Lleu_Leo
Llew_Leon
Llibieriu_Liberius
Llo_Leo
Llonciu_Leontius
Llontsui_Leontius
Llop_Lupo
Llywarch_Llywarch
Locrégí_Lucretius
Locrézio_Lucretius
Lodewijk_Louis
Loeiz_Louis
Loidemar_Luctemarus
Loitèmaro_Luctemarus
Lole_Lole
Longine_Longinus
Longinos_Longinus
Longiéno_Longinus
Longén_Longinus
Lonqine_Longinus
Lop_Lupo
Lope_Lupo
Lopo_Lupo
Lopus_Lupus
Lorensy_Laurentius
Lorenzo_Laurence
Lostoiekos_Lostoiekos
Lot_Lothair
Lot_Lothar
Lot_Lotos
Loth_Lot
Lothaire_Lothair
Lothar_Lothaire
Lothar_Lothar
Lotharius_Lothar
Lotto_Lotto
Louerny_Louernios
Loui_Louis
Louis_Louis
Loukas_Luke
Loukianos_Lucianus
Loukios_Lucius
Loukretios_Lucretius
Loulou_Loulou
Loup_Lupo
Loustros_Lustrus
Loutatios_Lutatios
Loysio_Aluysio
Loélin_Llywelyn
Loïs_Louis
Lubb_Lupo
Luc_Leukos
Lucas_Lucas
Lucas_Luke
Lucco_Lucco
Luchui_Lucius
Lucian_Lucius
Lucio_Lucius
Luciu_Lucius
Lucius_Lucius
Lucjan_Lucius
Lucrici_Lucretius
Ludvig_Louis
Ludvik_Louis
Ludwig_Louis
Luga_Lucas
Lugiu_Lucius
Lugí_Lucius
Luis_Louis
Luis_Lucius
Lukaz_Lucas
Luki_Lucius
Lukose_Luke
Luol_Luol
Lupo_Lupo
Lupus_Lupo
Luqi_Lucius
Lur?dzéu_Laurence
Lurentziu_Laurence
Lushy_Lucius
Luya_Lucas
Luysio_Aluysio
Luyéu_Lucius
Luís_Louis
Lwanda_Lwanda
Lysimakhe_Lysimachos
Lécato_Licat
Léged_Licat
Légehey_Ligessac
Légièssaco_Ligessac
Léodhon_Leudonus
Léodono_Leudonus
Léri_Llyr
Lério_Llyr
Léue_Livius
Lévéo_Livius
Lòélino_Llywelyn
Ma'na_Ma'na
Maadje_Maadje
Mabior_Mabior
Macabee_Macabee
Maccabee_Macabee
Maccus_Maccus
Machok_Machok
Maciej_Matthew
Macko_Matthew
Macsen_Maximos
Madacui_Madacus
Maddeu_Matthew
Maderno_Maternus
Madhol_Madhol
Mading_Mading
Madoco_Madog
Madoe_Madog
Madog_Matad
Mads_Matthew
Madu_Madu
Madzhacy_Madacus
Madzhary_Magalus
Mael_Mael
Maelchon_Malcolm
Maelcwn_Malcolm
Maelgwn_Melgwn
Maeloc_Maelog
Maertijn_Martin
Mafeo_Matthew
Magara_Magara
Magarui_Magalus
Magas_Magas
Magel_Magalos
Magister_Magister
Magjin_Magjin
Magna_Ma'na
Magne_Magnus
Magnos_Magnus
Magnus_Magnus
Mahammad_Muhamad
Mahammad_Muhammed
Mahdi_Mahdi
Mahendra_Mahendrapala
Mahendrapal_Mahendrapala
Mahendrapala_Mahendra
Mahendrapala_Mahendrapala
Mahipal_Mahipala
Mahipala_Mahipala
Mahmoud_Mahmud
Mahmud_Mahmud
Mailoc_Maelog
Mailth_Mailth
Maisme_Maximus
Majak_Majak
Makare_Makarios
Makarios_Makarius
Maketons_Makedonios
Makhak_Makhak
Makrine_Macrinus
Makrineh_Macrinus
Makrofe_Macrobius
Maksineh_Maximus
Makêntiravarman_Mahendravarman
Mal'akhiy_Malachi
Malam_Malam
Maland_Maland
Malaz_Malaz
Malcolm_Malcolm
Malcor_Maelgore
Malcor_Maelgyr
Malcoro_Maelgyr
Malcòro_Maelgore
Maldred_Maldred
Maleio_Maleio
Malik_Malik
Malise_Malise
Malkhas_Malkhas
Malkhazi_Malkhas
Malmure_Malmure
Malous_Malous
Maluin_Maelfin
Maluin_Maelgwyn
Malvino_Maelfin
Malvino_Maelgwyn
Maléno_Malaine
Mamane_Mamane
Mamlan_Muhammad
Mamnu_Magnus
Mamnui_Magnus
Manasses_Manasses
Manassès_Manasseh
Manehto_Mnethout
Mannoul_Emmanuel
Mannu_Magnus
Manoel_Manuel
Manrique_Amalric
Mansur_Mansur
Manuchehr_Manuchihr
Manuchihr_Manuchihr
Manuel_Emmanuel
Manuel_Manuel
Manuele_Manuel
Manushihr_Manushihr
Manute_Manute
Manyel_Manyel
Mapheo_Matthew
Mapono_Mapon
Mapsemeanu_Maximianus
Mapsemeanui_Maximianus
Mapseminu_Maximinus
Mapseminui_Maximinus
Mapsemu_Maximus
Mapsemui_Maximus
Marabokht_Farbokht
Marc_Marcus
Marc_Mark
Marcello_Marcellus
March_Marcus
March_Mark
Marcheanui_Marcianus
Marchelinui_Marcellinus
Marcherui_Marcellus
Marchus_Marcus
Marcianu_Marcianus
Marcianus_Marcianus
Marcin_Martin
Marcièllinu_Marcellinus
Marcièllo_Marcellus
Marcièllu_Marcellus
Marco_Marcus
Marcomamnui_Marcomagnus
Marcu_Marcus
Marcui_Marcus
Marcumáuny_Marcomagnus
Marcus_Marcus
Marcus_Mark
Mardhoe_Mardoc
Mardoco_Mardoc
Marduniya_Marduniya
Mardénu_Martin
Maredudd_Murdoch
Marek_Marcus
Margelle_Marcellus
Margellu_Marcellus
Margos_Marcus
Margu_Mark
Mari_Marius
Marial_Marial
Marian_Marius
Mariane_Marianus
Mariano_Marius
Marianos_Marianus
Marianu_Marius
Marianus_Marius
Marien_Marinus
Marin_Marius
Marinos_Marinus
Marinu_Marinus
Marinui_Marinus
Marinus_Marinus
Mariny_Marinus
Mario_Marius
Marios_Marius
Mariu_Marius
Mariui_Marius
Mark_Marcus
Markiane_Marcianus
Marko_Marcus
Markos_Marcus
Markos_Mark
Markose_Marcus
Markus_Marcus
Maro_Maro
Marosleif_Miroslav
Maroy_Maroy
Marqeh_Mark
Marqi_Marcius
Marseh_Marsus
Marshe_Marshe
Marsheany_Marcianus
Marsheliny_Marcellinus
Marshery_Marcellus
Martialis_Martial
Martila_Martin
Martim_Martin
Martin_Martin
Martine_Martin
Martinho_Martin
Martino_Martin
Martinos_Martin
Martinu_Martin
Martinu_Martinus
Martinui_Martinus
Martinus_Martin
Martiny_Martinus
Martiya_Martiya
Martyrei_Martyrius
Martyrios_Martyrius
Martzel_Marcellus
Martín_Martin
Maryezu_Marcellus
Maryu_Mark
Marzhin_Martin
Marzuban_Marzuban
Maréano_Marianus
Maréanu_Marius
Maréto_Mared
Maréu_Marius
Mascimillanu_Maximilian
Mascimu_Maximus
Mascuinu_Masguinu
Mashad_Mashad
Mashuénu_Masguinu
Mashému_Maximus
Mashémézanu_Maximilian
Massen_Maximus
Massuna_Masuna
Massémiano_Maximianus
Massémo_Maximus
Masud_Masud
Matad_Matad
Matei_Matthew
Matej_Matthew
Mateu_Matthew
Mateusz_Matthew
Matfei_Matthew
Matfre_Manfred
Math_Matthew
Mathaios_Matthew
Matheo_Matthew
Mathiang_Mathiang
Mathias_Matthew
Mathieu_Matthew
Maththias_Matthew
Matias_Matthew
Matija_Matthew
Matiya_Matthew
Matoi_Matoi
Matous_Matthew
Mats_Matthew
Matta_Matthew
Matte_Matthew
Matteo_Matthew
Matteu_Matthew
Matthaeus_Matthew
Matthaios_Matthew
Matthew_Matthew
Matthias_Matthew
Matti_Matthew
Mattithyahu_Matthew
Mattityahu_Matthew
Mattu_Matthew
Maugan_Mawgan
Maulidi_Maulidi
Mauric_Maurice
Maurice_Maurice
Maurice_Mauritius
Maurike_Maurice
Mauritius_Mauritius
Mawgan_Mawgan
Maxamed_Muhammad
Maxamud_Mahmud
Maximianus_Maximianus
Maximinos_Maximinus
Maximos_Maximos
Maximos_Maximus
Maximus_Maximus
Mayen_Mayen
Mayom_Mayom
Mazhe_Matthew
Mazigu_Mazigh
Mazousis_Mazousis
Mazéyu_Mazigh
Mbai_Mbai
Mbakin_Mbakin
Mbita_Mbita
Meayge_Meayge
Medasha_Metaxas
Medrod_Mordred
Meewge_Meewge
Megas_Megas
Megistos_Magnus
Mehmûd_Mahmud
Mehém_Maximus
Mehémien_Maximianus
Meirchion_Marcianus
Meiriadog_Meriadoc
Meirion_Marianus
Mela_Melas
Mellidas_Mellidas
Melín_Malaine
Mem_Mendo
Memnon_Memnon
Mena_Menas
Menas_Menas
Menashe_Manasseh
Mendo_Mendo
Menendo_Mendo
Menon_Menon
Mensûr_Mansur
Menûçihr_Manuchihr
Menûšihr_Manushihr
Mepon_Mapon
Merfyn_Merfyn
Merguriu_Mercurius
Meriadec_Meriadoc
Merkoure_Mercurius
Merkourios_Mercurius
Merquri_Mercurius
Mersh_Mersh
Mertinus_Martin
Mervig_Merovech
Merwan_Marwan
Meryureu_Mercurius
Merzuban_Marzuban
Meréd_Mared
Merí_Marius
Merían_Marianus
Mesoueris_Mesoueris
Messor_Messor
Mesûd_Masud
Metasca_Metaxas
Methaqseh_Metaxus
Mettikhion_Mettichion
Mettikhos_Mettichos
Meurig_Maurice
Mhina_Mhina
Miarcy_Marcus
Miary_Marius
Micael_Michael
Miccelu_Michael
Michael_Michael
Michaleto_Michael
Michaêl_Michael
Michele_Michael
Migali_Migali
Miguel_Michael
Mihael_Michael
Mihail_Michael
Mihangel_Michael
Mihemed_Muhammad
Mihial_Michael
Mihrdat_Mithridates
Mihály_Michael
Mikael_Michael
Mikail_Michael
Mikalonymos_Megalonymos
Mikayel_Michael
Mikha'el_Michael
Mikha'il_Michael
Mikhael_Michael
Mikhaias_Michael
Mikhail_Michael
Mikheil_Michael
Mikkel_Michael
Mikko_Michael
Mikolaj_Nicholas
Mikolás_Nicholas
Mikulás_Nicholas
Milad_Milad
Milianus_Aemilianus
Milobrat_Milobrat
Milos_Milosz
Milosz_Milosz
Mina_Menas
Mindika_Mindika
Mindiwo_Mindiwo
Mine_Minos
Minni_Minni
Miquel_Michael
Miroslav_Miroslav
Miroslaw_Miroslav
Misael_Misael
Mistefa_Mustafa
Mithradates_Mihrdad
Mithradatha_Mithridates
Mittakhis_Mittachis
Mizerthis_Mizerthis
Mnesis_Mnesis
Mocio_Mocio
Modu_Modu
Mogetius_Mogetios
Mogio_Mocio
Mohammed_Muhammad
Mohamooda_Mahmud
Molgaios_Molgaios
Mommus_Mommos
Monio_Munio
Monnio_Munio
Monnus_Monnos
Monoble_Monobleptos
Montissius_Montissios
Morad_Morad
Morcant_Morgan
Morcar_Marcus
Morfarch_Morfarch
Morgan_Morgan
Morien_Morgen
Morrigé_Morridig
Moruan_Morfans
Morín_Morien
Mosgaitus_Mosgaitos
Moshe_Moses
Mosi_Mosi
Mouro_Maurus
Mousaios_Mousaios
Mouses_Moses
Moussa_Moses
Moustafa_Mustafa
Moutaar_Moutaar
Movses_Moses
Moyo_Moyo
Moyses_Moses
Mpuga_Mpuga
Mscislaw_Mstislav
Mshindi_Mshindi
Msia_Msia
Mstislav_Mstislav
Mucapiu_Mukapius
Mucapiui_Mucapius
Mucapore_Mukaboris
Muchapiy_Mucapius
Muerten_Martin
Mufasa_Mufasa
Mufioma_Mufioma
Mugedi_Mugedi
Muhammad_Muhammad
Muhammed_Muhammed
Muhsin_Muhsin
Muiredach_Murdoch
Muno_Munio
Muntissius_Montissios
Munyo_Munio
Muné_Muné
Muqtar_Mukhtar
Murad_Morad
Murama_Murama
Murdoch_Murdoch
Murico_Meurig
Murtin_Murtin
Muru_Maurus
Murí_Meurig
Musa_Moses
Musse_Musa
Mustafa_Mustafa
Muyedé_Mugedi
Muño_Munio
Mwinyi_Mwinyi
Mwyn_Mungo
Myenye_Myenye
Myrddin_Martin
Mzuzi_Mzuzi
Máel-Íosa_Malise
Márk_Marcus
Márton_Martin
Mátyás_Matthew
Máuny_Magnus
Máusemeiany_Maximianus
Máuseminy_Maximinus
Máusemy_Maximus
Mâravarman_Maravarman
Méggelu_Michael
Mél_Mael
Méliro_Meilyr
Mélo_Mael
Méléu_Aemilius
Ménaco_Minac
Mériatoco_Meriadoc
Mériòno_Meirion
Méruen_Merfyn
Mérveno_Merfyn
Méré_Meric
Méréco_Meric
Méyalé_Migali
Mílir_Meilyr
Míney_Minac
Mírédoe_Meriadoc
Míríon_Meirion
Mîrza_Mirza
Mòriéno_Morien
Mòrrizico_Morridig
Mòrvans_Morfans
Nabaios_Nabaios
Naber_Naber
Nabil_Nabil
Naboro_Nabur
Nachum_Nahum
Nadav_Nadab
Nadual_Natale
Nafata_Nafata
Nagen_Nasiens
Naguji_Naguji
Nahir_Nahir
Nahor_Nahir
Nahrau_Nahrau
Nahur_Nahir
Naiton_Nathan
Nanaifarn_Nanaifarn
Nanaithvar_Nanaydvar
Nande_Nanda
Nanevante_Nanevante
Nanino_John
Nantivarman_Nandivarman
Nar-Verma_Naravarman
Naracimmavarman_Narasimhavarman
Naravarman_Naravarman
Naravarmandeva_Naravarman
Nasiens_Nasiens
Nasir_Nasr
Nastaséu_Anastasius
Natan_Nathan
Nawata_Nawata
Nayil_Nayil
Nazaki_Nazaki
Nazaros_Nazarus
Nebor_Nabur
Nebotiano_Nepotianus
Nechunya_Chunya
Neema_Neema
Nehor_Nahir
Neikon_Nikon
Neil_Nigel
Neilammon_Neilammon
Neilouei_Neilos
Neithon_Nathan
Nemesion_Nemesion
Nemeto_Nemeto
Nemiet_Nemetos
Neopt_Neoptolemos
Nepoi_Nepos
Nepos_Nepos
Nereyu_Huneric
Nerse_Narses
Nerseh_Narses
Nertomarus_Nertomaros
Nesir_Nazir
Nesr_Nasr
Nestoris_Nestorios
Ngor_Ngor
Ngutu_Ngutu
Niall_Nigel
Nibothak_Nibothak
Nicaul_Nicholas
Nicholas_Nicholas
Nicholaus_Nicholas
Nicholaus_Nicolaus
Niclaes_Nicholas
Nicolas_Nicholas
Nicolaus_Nicholas
Nicoleto_Nicholas
Nicolino_Nicholas
Nicolo_Nicholas
Niels_Nicholas
Nigola_Nicholas
Nikaias_Nikias
Nikale_Nikale
Nikanor_Nikanor
Nikias_Nikias
Niklas_Nicholas
Nikodim_Nicodemus
Nikokrates_Nikokrates
Nikola_Nicholas
Nikolaj_Nicholas
Nikolaos_Nicholas
Nikolaos_Nicolas
Nikolaus_Nicholas
Nikolaz_Nicholas
Nikolitu_Nicholas
Nikolitza_Nicholas
Nikoloz_Nicholas
Nikomakhos_Nikomachos
Nile_Neilos
Nils_Nicholas
Ninian_Ninian
Nipak_Nipak
Nirupatunkavarman_Nirupatonkavarman
Nishterooy_Nishterooy
Nithan_Nithan
Nivius_Nivios
Nkosi_Nkosi
Noach_Noah
Nohe_Noah
Nohir_Nohir
Nomau_Nomau
Nonnus_Nonnos
Noumenios_Numenius
Noute_Noute
Nowy_Nowy
Nošîrwan_Nawshirwan
Nubelu_Nubel
Nul_Nul
Numereanui_Numerianus
Numereany_Numerianus
Numerius_Numerius
Numèreanu_Numerianus
Nunno_Nuno
Nuno_Nuno
Nunó_Nuno
Nuéza_Hunawilja
Nuño_Nuno
Nyagilo_Nyagilo
Nyakonyolo_Nyakonyolo
Nyal_Nyal
Nyang_Nyang
Nyikang_Nyikang
Nyikango_Nyikango
Nyikaw_Nyikaw
Nyipur_Nyipur
Nyo_Nyo
Néro_Nero
Néu_Anicius
Néyola_Nicholas
Nêçîrvan_Nechirwan
Nír_Nero
Oanu_John
Obang_Obang
Obidu_Ovida
Ocaki_Ocaki
Octaviano_Octavianus
Octavio_Octavius
Odd_Odd
Oddr_Odd
Odduyanu_Octavianus
Odera_Odera
Odhiambo_Odhiambo
Odhon_Edwin
Odo_Otto
Odon_Otto
Odono_Edwin
Odulfu_Oduulf
Odyek_Odyek
Oety_Avitus
Offa_Uffe
Ofila_Offa
Ofir_Ophir
Ofra_Ophrah
Oginga_Oginga
Oguschiny_Augustinus
Ogusty_Augustus
Ogwang_Ogwang
Oitauéano_Octavianus
Oitauéo_Octavius
Ojwaa_Ojwaa
Ojwang_Ojwang
Okapi_Okapi
Okello_Okello
Oki_Oki
Okiramaj_Okiramaj
Okot_Okot
Okoth_Okoth
Okubal_Okubal
Okwir_Okwir
Olaf_Olaf
Olafr_Olaf
Olav_Olaf
Olavi_Olaf
Oldrich_Ulrich
Ole_Aulus
Oleg_Helge
Olgerus_Ogier
Oliechi_Oliechi
Olier_Oliver
Olimi_Olimi
Oliverio_Oliver
Olivier_Oliver
Olorix_Olorix
Oluf_Olaf
Olum_Olum
Olymbrios_Olybrios
Olympios_Olympios
Omar_Omar
Omar_Umar
Omer_Homer
Omollo_Omollo
Ondrej_Andrew
Onfroi_Onfroy
Ongora_Ongora
Onlaf_Olaf
Onorik_Honorius
Onorios_Honorios
Onoriui_Honorius
Onyango_Onyango
Ophellas_Ophellas
Opondo_Opondo
Optatos_Optatus
Optaueanui_Octavianus
Optauiui_Octavius
Opyene_Opyene
Oran_Nahir
Orazéo_Horatius
Orbanus_Urbanus
Ordonho_Ordono
Ordonno_Ordono
Ordonyo_Ordono
Ordoño_Ordono
Oreany_Aurelianus
Ored_Oreth
Oregé_Horatius
Oreiy_Aurelius
Orelé_Aurelius
Orestes_Orestes
Orestorios_Orestorios
Origi_Origi
Orm_Orm
Ormisda_Hormazd
Ormr_Orm
Oroba_Oroba
Orodes_Orodes
Orson_Orson
Orson_Ursus
Ortiagon_Ortiagon
Orvar_Orvar
Orèto_Oreth
Osbeorn_Asbjörn
Oseptah_Oseptah
Oservio_Eusebius
Osir_Osiris
Osman_Osman
Osmundo_Osmund
Osroes_Osroes
Osulf_Osulf
Oswallt_Oswald
Oswulf_Osulf
Ot-tegin_Ot-tegin
Ot_Otto
Ota_Otto
Otho_Otto
Othon_Otto
Otieno_Otieno
Ottar_Ottar
Ottarr_Ottar
Otto_Otto
Otton_Otto
Ottone_Otto
Ottuianu_Octavianus
Otxoa_Ochoa
Ouann_Ouann
Oucydd_Eochaid
Ouenofr_Nofer
Ouershenoube_Ouershenoube
Ouershenoufe_Ouershenoube
Ouma_Ouma
Ounouf_Nofer
Ouranios_Ouranios
Ourgaese_Ourgaese
Outham_Octavius
Ouín_Owain
Ovadia_Obadiah
Oved_Obed
Owain_Eugene
Owidi_Owidi
Owilli_Owilli
Owino_Owino
Owiny_Owiny
Oyoo_Oyoo
Paape_Paape
Paavo_Paul
Pabenne_Pabenne
Pabik_Pabik
Pabiktor_Victor
Pabo_Pabois
Pabouk_Pabouk
Pacorus_Pacorus
Padarn_Paternus
Padarno_Padarn
Paderno_Padern
Padjemay_Padjemay
Padjoui_Padjoui
Padjpau_Padjpau
Padrig_Patrick
Paeiam_Paeiam
Paeion_Paion
Paeis_Paeis
Paer_Paer
Paermios_Hermios
Paeros_Erotas
Paese_Paese
Pagadanus_Pagadanus
Pagan_Pagan
Paganus_Pagan
Pagape_Agapetos
Pagene_Pagenes
Pagoros_Pagoros
Paham_Paham
Pahatre_Pahatre
Pahbeu_Pahbeu
Pahom_Pahom
Pahooy_Pahooy
Pahor_Apahor
Paien_Pagan
Paieoy_Paieoy
Painsophios_Pansophios
Paio_Pagan
Paipous_Paipous
Pakath_Pakath
Pakhe_Pakhe
Pakhemapoule_Pakhomapollon
Pakheni_Pakheni
Pakhom_Pahom
Pakhou_Pakhou
Pakhtiyar_Bakhtiar
Pako_Pako
Pakou_Pakou
Pakoudje_Pakoudje
Pakoui_Pakoui
Pakous_Pakous
Paktolis_Paktolis
Pakton_Pakton
Paladen_Paladin
Palaias_Palaias
Palau_Pallas
Pale_Pale
Paleides_Paleides
Palektor_Alektor
Palene_Palene
Paleon_Paleon
Palestineas_Palestineas
Paletheos_Paletheos
Paleu_Paleon
Palladios_Palladios
Pallas_Pallas
Palo_Palos
Palots_Palots
Palumbus_Palumbos
Pamares_Pamares
Pambo_Pambo
Pame_Pame
Pamei_Pamei
Pametus_Pametos
Pamin_Pamin
Pamo_Pamo
Pamonios_Ammonios
Pamounis_Ammonios
Pamour_Pamour
Pamoute_Pamoute
Pamphillos_Pamphilios
Pamphylones_Pamphylones
Pamprep_Pamprepios
Panake_Panakas
Panakhoris_Anacharsis
Paneas_Panehas
Panedjey_Panedjey
Panes_Panes
Panes_Phanes
Panias_Panias
Paniske_Paniskos
Pankrate_Pankration
Pannh_Phanes
Pannoui_Pannoui
Panobhe_Panoup
Panoris_Panoris
Panoup_Panoup
Pantaleon_Pantaleus
Panton_Pantonymos
Pantoulesnios_Pantoulesnios
Pantâram_Pandaram
Paol_Paul
Paolino_Paul
Paolo_Paul
Paome_Umaija
Papas_Papos
Pape_Papos
Papnoute_Papnouti
Papnouth_Papnouti
Papnouthios_Papnouti
Papostolos_Apostle
Pappo_Poppo
Paqene_Pagenes
Paqosh_Paqosh
Paraibates_Paraebates
Parammon_Parammon
Paramêsvaravarman_Parameswaravarman
Paranirupacinkam_Paranirupasingham
Pararâcacêkaran_Pararajasekharan
Paraskeuios_Paraskeuios
Parkhais_Archias
Parkhon_Archon
Parmenas_Parmenas
Paron_Paron
Parthenios_Parthenios
Parthenos_Parthenios
Parviz_Parviz
Parâkkirama_Parakrama
Parânkucan_Parankusan
Parântaka_Parantaka
Pascalu_Pascal
Pascarui_Pascalus
Paschary_Pascalus
Pascueten_Pasquitan
Pasgen_Pascentius
Pashang_Pashang
Paskhales_Pascal
Pasquale_Pascal
Pastor_Pastor
Pastratole_Aristotle
Patalus_Patale
Paterio_Paterio
Paterne_Paternus
Pathrose_Peter
Patric_Patrick
Patrick_Patrick
Patrik_Patrick
Patrike_Patrick
Patrikios_Patrick
Patrizio_Patrick
Patroñu_Petronius
Patryk_Patrick
Patsamouel_Samuel
Paul_Paul
Paule_Paul
Paule_Paulus
Paulinos_Pauline
Paulinui_Paulinus
Paulinus_Pauline
Paullinu_Paulinus
Paulo_Paul
Paulo_Paulus
Paulos_Paul
Paulose_Paul
Paulu_Paul
Paulus_Paul
Paurui_Paulus
Pausa_Pausas
Pavel_Paul
Pavlos_Paul
Pawel_Paul
Pawl_Paul
Payen_Pagan
Pedarn_Padarn
Pedarn_Padern
Peder_Peter
Pedikhonso_Pedikhonso
Pedr_Peter
Pedric_Patrick
Pedro_Peter
Pedur_Peter
Peison_Piso
Pela_Pelas
Pelagio_Pelagius
Pelagios_Pelagios
Pelagios_Pelagius
Pelaio_Pelagius
Pelayo_Pelagius
Pelekas_Pelekas
Pen_Pen
Pepi_Pepin
Perdénei_Pertinax
Pere_Peter
Peredur_Peredur
Peredur_Peredyr
Peregrineh_Peregrinus
Peregrinu_Peregrinus
Peregrinus_Peregrinus
Pergamios_Pergamios
Pergamos_Pergamios
Pergil_Perddel
Peritheides_Peritheides
Perkopios_Prokopios
Pero_Peter
Peroz_Peroz
Pesunthios_Pisenthios
Petale_Petalis
Petamoun_Petamoun
Petar_Peter
Petehekate_Hekataios
Peter_Peter
Petipoure_Petipoure
Petr_Peter
Petre_Peter
Petri_Peter
Petro_Peter
Petronios_Petronius
Petros_Peter
Petroñui_Petronius
Petru_Peter
Petrus_Peter
Petruy_Petronius
Petsiri_Petsiri
Peuphrates_Euphrates
Phasoungas_Phasoungas
Phaustos_Faustus
Phawsteh_Faustus
Pheisas_Pheisas
Pheliks_Felix
Phiabraam_Abraham
Phila_Philas
Philammon_Philammon
Philamoun_Philammon
Philaretos_Philaretos
Philemon_Philemon
Philip_Philip
Philipe_Philip
Philipikkos_Philipikkos
Philipp_Philip
Philippe_Philip
Philippos_Philip
Philippus_Philip
Phillipus_Philip
Philokalos_Philokalos
Philokhristos_Philochristos
Philokomos_Philokomos
Philon_Philon
Philonike_Philonikos
Philopatros_Philopatros
Philostephanos_Philostephanos
Philotheos_Philotheos
Philoudaimoun_Philodaimon
Philoukele_Philokalos
Philoupator_Philopator
Philoxenos_Philoxenos
Phlawi_Flavius
Phoinix_Phoenix
Phokas_Phokas
Pholbios_Pholbios
Phoros_Phoros
Photinos_Photinos
Phraates_Phraates
Phrataphernes_Phrataphernes
Phronton_Fronto
Piar_Peter
Pid_Pid
Pidarnoin_Paternus
Pientissimus_Pientissimus
Pier_Peter
Pierios_Pierios
Pierre_Peter
Pieter_Peter
Pietro_Peter
Pikytraios_Pikytraios
Pilib_Philip
Pillipe_Phillip
Pilloustrios_Illustrius
Pimen_Boötes
Pimen_Poimen
Pinchas_Phinehas
Pinoute_Pinoute
Pion_Pion
Pios_Pius
Piotr_Peter
Piqol_Piqol
Pirillu_Pirillu
Pistharas_Pistharas
Pistharion_Pistharion
Pisthartos_Pisthartos
Pitru_Pytros
Pityron_Pityron
Piyliypaos_Philip
Pkambeses_Cambyses
Placidio_Placidius
Plakitas_Placidus
Platon_Platon
Plawteh_Plautus
Pliné_Plinius
Plinéo_Plinius
Plotinos_Plotinos
Plousiane_Plousianos
Plutare_Ploutarous
Pmakarios_Makarios
Podric_Patrick
Poimen_Boötes
Pol_Paul
Pol_Paulus
Polideuke_Polydeukes
Polin_Paulinus
Poliny_Paulinus
Pollon_Apollon
Poloteuqe_Polydeukes
Polybos_Polybos
Polydeukes_Polydeukes
Polydoros_Polydoros
Polykrates_Polykrates
Pompay_Pompeius
Pompeiui_Pompeius
Pompey_Pompeius
Pomponios_Pomponius
Ponce_Pons
Ponchanui_Pontianus
Pongé_Pontius
Pons_Pons
Ponsio_Pontius
Pontziu_Pontzu
Ponzéo_Pontius
Ponç_Pons
Porgellu_Porcellu
Porphyra_Porphyrios
Pory_Paulus
Poseidonios_Poseidonios
Posidounios_Poseidonios
Potentinus_Pontentinus
Potolites_Potolites
Poukas_Pokas
Poute_Poutes
Praipositos_Praepositus
Pravare_Pravara
Preis_Priscus
Premisel_Premysl
Premysl_Premysl
Presbyteros_Presbyter
Prescui_Priscus
Prescy_Priscus
Pretu_Pretu
Prim_Primus
Primeh_Primus
Primo_Primus
Priscu_Priscus
Priskos_Priscus
Pritampal_Pritampala
Pritampala_Pritampala
Prithivipala_Prithviraja
Prithvi_Prithvi
Prithvipal_Prithvi
Prithvipal_Prithviraja
Prithviraj_Prithviraja
Prithviraja_Prithviraja
Prix_Prix
Probu_Probus
Probui_Probus
Prokhoros_Prochoros
Prokop_Procopius
Prokopios_Procopius
Prophigeh_Profugus
Prosdetes_Prostates
Proterios_Proterios
Protogenes_Protogenes
Proximos_Proximus
Pruby_Probus
Przemysl_Premysl
Przemyslaw_Premysl
Psamareus_Samareus
Psarous_Psaros
Psason_Psason
Psenagathon_Agathon
Psenamouni_Psenamouni
Psenapollon_Apollon
Psenartemis_Artemios
Psenhour_Psenhour
Psenpoure_Psenpoure
Psentabek_Psentabek
Psenteapis_Psenteapis
Pshernousir_Pshernousir
Pshmpnoute_Pshmpnoute
Pshnthomas_Psenthomas
Psimon_Simon
Psyros_Syros
Ptauros_Tauros
Ptole_Ptolemaios
Ptolemai_Ptolemaios
Ptolemaios_Ptolemaios
Ptolemee_Ptolemy
Ptoux_Dux
Pubiy_Publius
Publiu_Publius
Publlui_Publius
Pujman_Pujman
Pulu_Paul
Pumbaa_Pumbaa
Pumpeiu_Pompeius
Pumpey_Pompeius
Punshany_Pontianus
Puntianu_Pontianus
Puol_Paul
Puoskal_Pascal
Pupa_Pupa
Pusinnus_Pusinnos
Puvirâca_Puviraja
Pylamenes_Pylamenes
Pál_Paul
Pátraic_Patrick
Pål_Paul
Pèire_Peter
Pèrgiélo_Perddel
Pèrténais_Pertinax
Pèrèturo_Peredur
Pèrèturo_Peredyr
Péter_Peter
Pêr_Peter
Pêšeng_Pashang
Pîroz_Peroz
Qadjay_Qadjay
Qale_Kalles
Qamoul_Qamoul
Qandideh_Candidus
Qeorqios_George
Qiapoul_Qiapoul
Qishiq_Qishiq
Qommodeh_Commodus
Quintiliano_Quintilianus
Quinto_Quintius
Quinto_Quintus
Quirinus_Quirinus
Qwinteh_Quintus
Raca_Raka
Rachim_Chanin
Radolf_Ralph
Radomar_Radomir
Radosleif_Radoslaf
Radulf_Ralph
Radulphus_Ralph
Rafael_Raphael
Rafiki_Rafiki
Ragifred_Ragnfred
Ragnar_Ragnar
Ragnarr_Ragnar
Ragnvald_Ragnvald
Rahid_Rahad
Rahim_Chanin
Rahule_Rahula
Raimaun_Raymond
Raimbaldus_Raimbaut
Raimond-Berenguié_Raymond-Berengar
Raimond_Raymond
Raimondo_Raymond
Raimundo_Raymond
Rainaut_Reinhold
Rainold_Reinhold
Raira_Raira
Rajabu_Rajabu
Rajmund_Raymond
Raka_Raka
Ralph_Ralph
Ramadhani_Ramadhani
Ramesi_Ramesi
Ramesiset_Ramesiset
Ramiro_Ramiro
Ramon-Berenguer_Raymond-Berengar
Ramon_Raymond
Rampal_Rampala
Rampala_Rampala
Ramtish_Ramtish
Ramón_Raymond
Ranald_Reginald
Ranar_Ragnarr
Ranatitta_Ranaditya
Ranatîran_Ranadhiran
Randolf_Ralph
Randolph_Ralph
Rangraj_Rangraja
Rangraja_Rangraja
Ranimiro_Ramiro
Rano_Rano
Raolf_Ralph
Raoul_Ralph
Raoulf_Ralph
Rapautos_Rapautos
Rascu_Rhaskos
Rascui_Rascus
Rascupore_Rhaskuporis
Rascutormu_Rheskutorm
Rascy_Rascus
Rasheed_Rasheed
Rashid_Rashid
Rashidi_Rashidi
Raymond_Raymond
Raynaud_Reinhold
Raziel_Raphael
Reccesuinth_Recceswinth
Receswinth_Recceswinth
Redsatus_Redsatos
Regaredu_Recared
Regetic_Rigatikos
Regimundus_Raymond
Reginald_Reginald
Reginaldus_Reinhold
Regineh_Reginus
Regérd_Rigertus
Rehema_Rehema
Reimund_Raymond
Reinoud_Reinhold
Rekkared_Richard
Rekkeswind_Rekeswinth
Remiro_Ramiro
Remón_Raymond
Renaud_Reinhold
Ressatus_Redsatos
Ressimarus_Redsomaros
Restumaros_Redsomaros
Resu_Rhesos
Resui_Resus
Resy_Resus
Reth_Ruth
Reuven_Reuben
Revend_Rawwad
Reyaredu_Recared
Rezu_Aurelius
Rheinallt_Reginald
Rhicert_Richard
Rhigeneu_Ricenus
Rhiwal_Riwal
Rhiwallon_Rhiwallon
Rhobert_Robert
Rhodri_Roderick
Rhufon_Roman
Rhun_Rucenus
Rhydderch_Roderick
Riaged_Riacet
Ricard_Richard
Ricardo_Richard
Riccardo_Richard
Richard_Richard
Richardus_Richard
Richwin_Richwin
Rieti_Frederick
Riku_Richard
Rinaldo_Reinhold
Ring_Ring
Riotham_Riothamus
Rioual_Riwal
Riouallon_Rhiwallon
Risha_Risha
Risto_Christopher
Robaldus_Roubaud
Robert_Robert
Roberto_Robert
Robertus_Robert
Robin_Robin
Robrecht_Robert
Robèrt_Robert
Rocher_Roger
Roderic_Roderick
Rodericho_Roderick
Roderick_Roderick
Roderigu_Roderick
Roderiko_Rodericus
Rodrigo_Roderick
Rogatos_Rogatus
Roger_Roger
Rogier_Roger
Rogérí_Rodericus
Rokhshan_Rokhshan
Rolf_Rolf
Romaeus_Romaeus
Romain_Romanus
Roman_Roman
Romanici_Romanus
Romanos_Roman
Romanos_Romanus
Romanu_Roman
Romanui_Romanus
Romanus_Roman
Romeo_Romeus
Romoul_Romulus
Romulu_Romulus
Romurui_Romulus
Román_Roman
Rong_Rong
Roparz_Robert
Roparzh_Robert
Rorges_Rorgues
Roru_Florus
Rostam_Rostam
Rostisleif_Rostislav
Rostom_Rustam
Rotbold_Roubaud
Roupen_Reuben
Rouphikoy_Ruficus
Rouphos_Rufus
Rouén_Rowain
Ru_Rucenus
Ruaidrí_Roderick
Ruatirch_Roderick
Rubert_Robert
Ruderik_Roderick
Rudger_Roger
Rudri_Roderick
Ruf_Rufus
Rufinu_Rufinus
Rufinui_Rufinus
Rufiny_Rufinus
Rufo_Rufus
Rufus_Rufus
Ruhanu_Flavianus
Rukidi_Rukidi
Rum_Rum
Rumanu_Roman
Rumfa_Rumfa
Rumiany_Romanus
Rumo_Rumo
Rumury_Romulus
Ruphus_Rufus
Ruprecht_Robert
Rurik_Rurik
Ruscus_Ruscos
Rusey_Rutilius
Rustam_Rostam
Rusu_Drusus
Rutiellu_Rutilius
Rutillu_Rutilius
Rutsellui_Rutilius
Rwoth_Rwoth
Ryszard_Richard
Rædwulf_Ralph
Rægenweald_Reginald
Réderéyu_Frederick
Régiérto_Rigertus
Régolo_Regulus
Rénalo_Rainal
Réyu_Euric
Réyu_Urieke
Rígol_Regulus
Rínel_Rainal
Rògiérico_Rodericus
Ròvéno_Rowain
Rögnvaldr_Ragnvald
Rörek_Rurik
Rørik_Rurik
Saba_Saba
Sabah_Saba
Sabaricus_Savary
Sabas_Sabas
Sabba'e_Saba
Sabeany_Sabinianus
Sabeñeanui_Sabinianus
Sabineh_Sabinus
Sabinos_Sabinus
Sabinus_Sabinus
Sabiñanu_Sabinianus
Sabr-Ishu_Sabrisho'
Sabrisho'_Sabrisho'
Sacer_Sacer
Sadunnu_Saturnus
Saed_Said
Safiri_Safiri
Sagi_Sagi
Sahag_Isaac
Said_Said
Saleban_Sulayman
Salehe_Salehe
Salene_Salene
Salih_Salih
Salim_Salim
Salmama_Solomon
Salman_Solomon
Salomon_Solomon
Salvador_Salvador
Salvadór_Salvador
Salvator_Salvator
Salvianus_Salvianus
Samant-Singh_Samanta
Samanta_Samanta
Samantasimha_Samanta
Samar-Singh_Samarasimha
Samarasimha_Samarasimha
Samaritanu_Samaritanus
Samarédanu_Samaritanus
Sambo_Sambor
Samegen_Samogenos
Sami_Sami
Samiy_Sami
Sammus_Sammos
Samoeli_Samuel
Samomnatui_Samognatus
Samouel_Samuel
Samuel_Samuel
Samuhel_Samuel
Samúñaty_Samognatus
Sanatruk_Sanatruk
Sancho_Sancho
Sanda_Sanda
Sandasatrui_Sandasatrus
Sandashatry_Sandasatrus
Sandde_Sanctus
Sani_Sani
Sannu_Eisarn
Sans_Sancho
Sante_Sancho
Sanyo_Sancho
Sanç_Sancho
Saoul_Saul
Saprion_Saprion
Saraginu_Saraginu
Sarapamon_Sarapamon
Sarapion_Serapion
Sarayénu_Saraginu
Sarbador_Salvator
Sargis_Sergius
Sarkis_Sergius
Sarmate_Sarmates
Satournile_Saturninus
Satre_Satres
Satrei_Satres
Satullus_Satullos
Saturninui_Saturninus
Saturninus_Saturninus
Saturniny_Saturninus
Saturnu_Saturnus
Saturñinu_Saturninus
Saucie_Sautes
Sava_Saba
Savarik_Savarik
Savien_Savino
Sawyl_Samuel
Scare_Skaris
Scherai_Scilas
Scila_Skilas
Scule_Skule
Sebastiaen_Sebastian
Sebastiano_Sebastian
Sebastianos_Sebastian
Sebastián_Sebastian
Sebastião_Sebastian
Sef_Sef
Seferus_Severin
Sefu_Sefu
Segerigu_Segeric
Segermas_Segermas
Seguwin_Sigewin
Seimos_Seimos
Seisyll_Cecil
Seleukos_Seleukos
Selevan_Solomon
Selma_Selma
Selyf_Solomon
Sembe_Simon
Semeon_Simon
Seog_George
Seoán_John
Septimo_Septimus
Septoumiakes_Septoumiakes
Serafinu_Seraph
Serapion_Serapion
Seraénu_Seraph
Serene_Serenus
Serenos_Serenus
Serge_Serge
Sergios_Sergius
Sergiu_Sergius
Sergius_Sergius
Serigi_Sergius
Serwi_Servius
Seryéu_Sergius
Sesh_Sesh
Set_Sestus
Seth_Seth
Setto_Sestus
Severos_Severus
Sewereh_Severus
Sexsteh_Sextus
Seán_John
Shabour_Shahpuhr
Shahab_Shahab
Shahada_Shahada
Shahanshah_Shahanshah
Shahbaz_Shahbaz
Shahin_Shahin
Shahnshah_Shahanshah
Shahram_Shahram
Shahrokh_Sharokh
Shahrukh_Sharokh
Shahruz_Shahruz
Shahryar_Shahryar
Shani_Shani
Shanshe_Shahanshah
Shapur_Shapur
Sharef_Sharef
Sharif_Sharif
Shartay_Shartay
Shashere_Shashere
Shaw_Shaw
Shayan_Shayan
Shekarau_Shekarau
Shem'on_Simon
Shemiacy_Symmachus
Shemmacui_Symmachus
Shemproñui_Sempronius
Shempruiy_Sempronius
Shendi_Shendi
Shennu_Shennu
Shenoute_Shenoute
Sheprany_Cyprianus
Shepstui_Sextus
Sheptsemiui_Septimius
Sheraga_Sheraga
Sherai_Scilas
Sherdzhui_Sergius
Shere_Shere
Shershi_Cerses
Sherzhy_Sergius
Sheshy_Titius
Shettima_Shettima
Shety_Titus
Sheuerinui_Severinus
Sheueriny_Severinus
Sheuerui_Severus
Sheuery_Severus
Shimon_Simon
Shimshon_Samson
Shlomo_Solomon
Shmuel_Samuel
Shomari_Shomari
Shraga_Sheraga
Shu_Shua
Shuaeib_Shuaeib
Shudushy_Theodosius
Shuspie_Teuspas
Shèiestiny_Caelestinus
Shèsa_Caesar
Shèsheiy_Caecilius
Shéusemiy_Septimius
Shéusty_Sextus
Sian_John
Siddharthe_Siddhartha
Siddick_Siddick
Sidi_Sidi
Sieffre_Godfrey
Siegmund_Sigmund
Siepiebe_Zipaibes
Siepieru_Ziper
Siepiru_Zipyros
Sieporum_Zipuronn
Sigbjörn_Sigbeorn
Sigebert_Sigebert
Sigefrid_Siegfried
Sigeric_Segeric
Sigerigu_Sigeric
Sigismond_Sigmund
Sigismundus_Sigmund
Sigmund_Sigmund
Sigurd_Sigurd
Sigurðr_Sigurd
Silba_Silvanus
Sille_Zile
Silvano_Silvanus
Silvester_Silvester
Simaun_Simon
Simba_Simba
Simeon_Simon
Simeoni_Simon
Simion_Simon
Simmaccu_Symmachus
Simmacu_Symmachus
Simmaggu_Symmachus
Simon_Simon
Simone_Simon
Simoneto_Simon
Simplicius_Simplicius
Simó_Simon
Sina_Sina
Sinatos_Sinatos
Sinorix_Sinorix
Sior_George
Sisini_Sisinnios
Sisinnios_Sisinnios
Sisinniu_Sisinnius
Sismaun_Sigismond
Siste_Sextus
Sistus_Sextus
Sisupal_Sisupala
Sisupala_Sisupala
Siwazuri_Siwazuri
Siweard_Sigurd
Sièmproñu_Sempronius
Sièpstu_Sextus
Sièptemiu_Septimius
Sièrgiu_Sergius
Sièverinu_Severinus
Sièveru_Severus
Sjibnek_Zbynek
Sjidisbjörn_Zdisbeorn
Sjidisleif_Zdislav
Skarbimar_Skarbimir
Skule_Skule
Skuli_Skule
Smael_Ishmael
Smbat_Smbat
Smertomaros_Smertomaros
Smertorix_Smertorix
Sobesleif_Sobeslaus
Sobieslav_Sobeslaus
Soini_Sven
Solomon_Solomon
Solomôn_Solomon
Sonpal_Sonpala
Sonpala_Sonpala
Sora_Sora
Sosipatros_Sosipatros
Sotas_Sotas
Soutyrkhe_Soterichos
Soyaki_Soyaki
Stanislau_Stanislav
Stanislav_Stanislav
Stanislavu_Stanislav
Stanislaw_Stanislav
Stanisleif_Stanislav
Starkad_Starkad
Starkaðr_Starkad
Staurikios_Staurikios
Stauros_Stauros
Steanu_Stephen
Stefan_Stephen
Stefano_Stephen
Stefanu_Stephen
Stefen_Stephen
Steffen_Stephen
Steinn_Sten
Sten_Sten
Stepan_Stephen
Stepannos_Stephen
Stepanos_Stephen
Stepanoz_Stephen
Stephanos_Stephen
Stephanus_Stephanos
Stephanus_Stephen
Stephanus_Steven
Stephen_Stephen
Steven_Stephen
Steyn_Sten
Sthepan_Stephen
Stinian_Justinanius
Storax_Storax
Strategos_Strategios
Sturanui_Sturanus
Sturany_Sturanus
Styrbjörn_Styrbeorn
Su?déla_Suinthila
Sudi_Sudi
Suina_Sauinas
Suintila_Suinthila
Sukhinpal_Sukhinpala
Sukhinpala_Sukhinpala
Sulayman_Solomon
Suleyman_Solomon
Sulian_Julian
Sulien_Julian
Sultan_Sultan
Sultanpal_Sultanpala
Sultanpala_Sultanpala
Sumbat_Smbat
Sune_Sune
Suneario_Sunyer
Suni_Sune
Sura_Sura
Surajpal_Surajpala
Surajpala_Surajpala
Surxap_Surkhab
Suttihus_Suttihos
Suéna_Sauinas
Svatopluk_Svatopluk
Svein_Sven
Sveinn_Sven
Sven_Sven
Svend_Sven
Svetopluk_Svatopluk
Svetosleif_Sviatoslav
Sviatopolk_Svatopluk
Sviatoslav_Sviatoslav
Swegn_Sven
Swietopelk_Svatopluk
Swietoslaw_Sviatoslav
Symeon_Simon
Symmachos_Symmachus
Symmachus_Symmachos
Symmachus_Symmachus
Synesios_Synesios
Szczepan_Stephen
Szczesny_Felix
Szilveszter_Silvester
Sámuel_Samuel
Sándor_Alexander
Sämund_Sämund
Sæmundr_Sämund
Sècondo_Secundus
Sèsto_Sextus
Sèttémo_Septimus
Sèvéro_Severus
Sédollo_Sedullus
Sémon_Simon
Séréyu_Segeric
Sésénnéu_Sisinnius
Séyeréyu_Sigeric
Sölvi_Sölve
Ta'mhas_Thomas
Tabia_Tabia
Tacet_Tacitus
Tachetui_Tacitus
Tacietu_Tacitus
Tacéto_Tacitus
Taddai_Thaddeus
Tadeusz_Theodore
Tadros_Theodore
Tagitu_Tacitus
Tahir_Tahir
Tahmasb_Tahmasb
Tahmasp_Tahmasb
Taji_Taji
Talia_Talia
Taliah_Talia
Taliesin_Telesinus
Talièséno_Taliesin
Tallesén_Taliesin
Talmai_Bartholomew
Talsamudu_Thrasamund
Talya_Talia
Talyanu_Trajan
Tam'as_Thomas
Tam_Thomas
Tambo_Tambo
Tamonikos_Demonikos
Tamu_Tamu
Tamuza_Tomarsa
Tamás_Thomas
Tanaréyu_Athanaric
Tancred_Tancredi
Tandja_Tandja
Taniel_Daniel
Tanimu_Tanimu
Tanko_Tanko
Tantivarman_Dantivarman
Tappnoute_Tapnoute
Taran_Taran
Tarik_Tarik
Tarkhun_Tarkhun
Tarla_Tadg
Taruseny_Tarutinus
Tarutinu_Taruthin
Tarutsenui_Tarutinus
Tashety_Tacitus
Taumas_Thomas
Taumasin_Thomasine
Tavi_Tavi
Tavish_Tavi
Taxmaspada_Taxmaspada
Taymuraz_Teimuraz
Tayédu_Tacitus
Teanu_Theophanos
Teberiui_Tiberius
Tebery_Tiberius
Tegwyd_Tadg
Tegíd_Tacitus
Teimagenes_Timagenes
Teimoukhos_Teimouchos
Teimuraz_Teimuraz
Tej-Singh_Tejasimha
Tejapala_Tejpal
Tejasimha_Tejasimha
Tejpal_Tejpal
Tektomaros_Tectomaros
Tello_Tello
Telo_Tello
Telurg_Talore
Telurgan_Talorcán
Temaio_Temaio
Tendaji_Tendaji
Teobaldo_Theobald
Teodemir_Theodemer
Teoderico_Theodoric
Teoderik_Theoderic
Teodor_Theodore
Teodorigu_Theodoric
Teodoru_Theodore
Teodoréyu_Theodoric
Teofanu_Theophanos
Teos_Teos
Terbounouos_Tribunus
Teredase_Tiridates
Teredatsei_Tiridates
Tergé_Tertius
Tetbald_Theobald
Tetoue_Tetoue
Teudar_Theodore
Teudoc_Theodoric
Tevis_Tavis
Tewdos_Theodosius
Tewdrig_Theodoric
Tewdwr_Theodore
Th'amhais_Thomas
Thadeosi_Thaddeus
Thanael_Nathaniel
Theaitetos_Theaitetos
Thebery_Tiberius
Theobald_Theobald
Theobaldus_Theobald
Theoderic_Theodoric
Theodericus_Thierry
Theodoric_Theodoric
Theodorich_Theodore
Theodoricho_Theodoric
Theodoros_Theodore
Theodorus_Theodore
Theodosios_Theodosios
Theodosios_Theodosius
Theodosius_Theodosios
Theodote_Theodat
Theodotos_Theodat
Theodotos_Theodotos
Theodôros_Theodore
Theophilos_Theophilos
Theophilus_Theophilos
Theuderic_Thierry
Theudisclus_Theudisclus
Thibault_Theobald
Thiebault_Theobald
Thierry_Thierry
Thiik_Thiik
Thiudareiks_Theodoric
Thiudigisclus_Theudisclus
Thiudimer_Theodimer
Thiébaut_Theobald
Thoas_Thoas
Thoma_Thomas
Thomas_Thomas
Thon_Thon
Thorolf_Thorolf
Thoros_Theodore
Thotarion_Thotarion
Thout_Thoth
Thurcytel_Torkel
Thuxra_Thuxra
Tiago_Jacob
Tibaldo_Theobald
Tibaud_Theobald
Tiberi_Tiberius
Tiberios_Tiberios
Tiberios_Tiberius
Tiberiu_Tiberius
Tiberius_Tiberius
Tidiagnos_Titianus
Tiebieriu_Tiberius
Tieciu_Titius
Tietu_Titus
Tifan_Theophanus
Tijani_Tijani
Timai_Timothy
Timan_Timan
Timon_Timon
Timotei_Timothy
Timotheos_Timothy
Timër_Timur
Tioklei_Diokles
Tishtrya_Tishtrya
Titos_Titus
Titoue_Titoue
Titus_Titus
Tiudosiu_Theodosios
Tièrri_Thierry
Tjudmund_Tjudmund
Tobia_Tobias
Tobéa_Tobias
Todéla_Totila
Toghrïl_Toghrul
Tohmas_Thomas
Toholjo_Toholjo
Toke_Toke
Tolemeu_Ptolemaios
Tollemèui_Ptolemaeus
Tolmai_Bartholomew
Toma_Thomas
Tomarsa_Tomarsa
Tomaso_Thomas
Tomassu_Thomas
Tomasz_Thomas
Tomo_Thomas
Tomos_Thomas
Tomás_Thomas
Tor_Tor
Torbjörn_Torbeorn
Torbjörn_Torbjörn
Torbjørn_Torbjörn
Torbrand_Torbrand
Tord_Tord
Torfinn_Torfinn
Torfu_Torfu
Torgeir_Torgeir
Torgil_Torkel
Torgils_Torkel
Torimundu_Thorismund
Torkel_Torkel
Tornik_Tornik
Tornike_Tornik
Torolf_Thorolf
Torstein_Torsten
Torsten_Torsten
Torémudu_Thorismund
Tostig_Toste
Totila_Totila
Toubias_Tobias
Touma_Thomas
Toumas_Thomas
Tovia_Tobiah
Tovias_Tobias
Tovmas_Thomas
Tragianu_Trajan
Traiane_Traianus
Traianos_Trajan
Traianu_Trajan
Traianus_Trajan
Traien_Trajan
Trakont_Drakontios
Trassamundu_Thrasamund
Trauseus_Trauseus
Tromperus_Tromperos
Tryphon_Tryphon
Trèanui_Traianus
Trèany_Traianus
Tsamiya_Tsamiya
Tsamoul_Samuel
Tsaraki_Tsaraki
Tudhoual_Tudwal
Tudhouallon_Tudwallon
Tudor_Thierry
Tudual_Tewdwr
Tudwal_Tuathal
Tudwallon_Tudwallon
Tugdual_Theodowalaunus
Tugule_Tugule
Tuiemièy_Ptolemaeus
Tulmay_Bartholomew
Tunka_Tunka
Tuokko_David
Turdat_Turdat
Turghar_Turghar
Tutòvales_Tudwal
Tutòvallòno_Tudwallon
Tuvya_Tobiah
Tybalt_Theobald
Tzafrir_Zephyr
Tzion_Zion
Tzvi_Tzvi
Täbär_Teber
Tèrzéo_Tertius
Téberéu_Tiberius
Téodorí_Tewdric
Této_Titus
Téòdòréis_Tewdric
Túathal_Tuathal
Uaiensheany_Valentinianus
Uaiereany_Valerianus
Uaiery_Valerius
Uaiey_Valens
Uallencheñanui_Valentinianus
Uallereanui_Valerianus
Ualleriui_Valerius
Ualleñi_Valens
Ualtar_Walter
Uardañi_Vardanes
Uardzhe_Vardanes
Uban_Uban
Ubert_Humbert
Ubertino_Humbert
Uberto_Humbert
Uc_Hugh
Udi_Ehud
Udure_Udure
Uedzhellui_Vigilius
Uenantsui_Venantius
Ueptorinui_Victorinus
Ueptro_Victor
Uespasheanui_Vespasianus
Uespasheany_Vespasianus
Uetaieany_Vitalianus
Uetalleanui_Vitalianus
Uezhey_Vigilius
Ueñansy_Venantius
Ugere_Uther
Ugo_Hugh
Ugu_Hugh
Ugues_Hugh
Ugustinu_Augustine
Uhtræd_Uhtred
Uilliam_William
Ukhushukan_Ukhushukan
Ulf_Ulf
Ulfo_Ulf
Ulfr_Ulf
Ulfu_Ulf
Ulios_Helios
Ulrich_Ulrich
Ulrik_Ulrich
Ulv_Ulf
Umar_Umar
Umaru_Umar
Umberto_Humbert
Umoja_Umoja
Unerigu_Huneric
Unoriu_Honorius
Unsa_Unsa
Unuilla_Hunawilja
Unuist_Angus
Unury_Honorius
Uorusheanui_Volusianus
Upadarma_Upadarma
Uptaveanu_Octavianus
Uptaviu_Octavius
Urak_Urak
Urbanu_Urbanus
Urbanui_Urbanus
Urbiany_Urbanus
Urbien_Urban
Urellu_Aurelius
Urguist_Fergus
Uriegu_Urieke
Uriel_Uriel
Urien_Urbgenius
Urien_Urien
Urigu_Euric
Urièns_Urien
Urrudézu_Rutilius
Urruénu_Rufinus
Urso_Orson
Ursu_Ursus
Ursus_Ursus
Usian_Usian
Usman_Usman
Usuullt_Oswald
Utaiya_Udaya
Utana_Utana
Uther_Victor
Uthyr_Victor
Uuen_Eugene
Uuirp_Eric
Uuochu_Eochaid
Uuredach_Feradach
Uurusheany_Volusianus
Uvaxshtra_Uvaxshtra
Uzi_Uzzi
Uzièro_Uther
Uzzi_Uzzi
Uéutru_Victor
Uéuturiny_Victorinus
Vaeriano_Valerianus
Vahauka_Vahauka
Vahhab_Vahhab
Vahumisa_Vahumisa
Vahusdan_Wahustan
Vahyavishdapaya_Vahyavishdapaya
Vahyazdata_Vahyazdata
Vairisimha_Vairisimha
Vairsingh_Vairisimha
Vait_Vito
Vakapati_Vakpati
Vakhtang_Vakhtank
Vaklaf_Vaclav
Vakpati_Vakpati
Vakpatiraja_Vakpati
Valdemar_Vladimir
Valdemaur_Vladimir
Valdesleif_Vladislav
Valentin_Valentin
Valentinianus_Valentinianus
Valentino_V
Valentino_Valentin
Valentinos_Valentinus
Valentinus_Valentine
Valeran_Valeran
Valerianus_Valerianus
Valerias_Valerius
Valerio_Valerius
Valerios_Valerius
Valerius_Valerius
Vales_Valens
Valhana_Valhanadeva
Valhanadeva_Valhanadeva
Vallend_Valens
Valleriu_Valerius
Vallèntiñanu_Valentinianus
Vallèreanu_Valerianus
Valteri_Walter
Valèréano_Valerianus
Valèréno_Valerin
Vanni_John
Vannius_Vannios
Varakunan_Varagunan
Varakunavarman_Varagunavarman
Vardan_Vartan
Vardanes_Vardanes
Varshapala_Varshapala
Varshasb_Varshasb
Varshpal_Varshapala
Vartisleif_Vratislav
Varughese_George
Varzak_Varzak
Varéo_Varius
Varšasp_Varshasb
Vasco_Vasco
Vasile_Basil
Vasilii_Basil
Vasiliy_Basil
Vaxtank_Vakhtang
Vayaspara_Vayaspara
Vegellu_Vigilius
Veitalis_Vitalis
Veitor_Veitor
Vela_Vela
Velasco_Vasco
Velisleif_Wielislaw
Vellios_Velleius
Velso_Velson
Venanciu_Venantius
Vencel_Vaclav
Venimarus_Venimaros
Veptur_Victor
Vepturinu_Victorinus
Veranus_Veranus
Vercaius_Vercaios
Vercombogius_Vercombogios
Veremondo_Vermudo
Vergalo_Fergal
Vermudo_Vermudo
Versingery_Vercingetorix
Verus_Verus
Vetoir_Victor
Vetty_Vectios
Viacslav_Vaclac
Vibenus_Vibenos
Vicayâlaya_Vijayalaya
Vicayâraka_Vijayaraga
Vicayâtitta_Vijayaditya
Vicente_Vincent
Vicenç_Vincent
Victor_Victor
Vidual_Vitale
Vidurathpal_Vidurathpala
Vidurathpala_Vidurathpala
Vigilius_Vigilius
Vigraharaja_Vigraharaja
Vigrharaja_Vigraharaja
Vikiarios_Vicarius
Vikrama_Vikrama
Vikramâtittâ_Vikramaditya
Viktour_Victor
Vilhelm_William
Villelmus_William
Villem_William
Vilém_William
Vincenzo_Vincent
Vindafarnah_Vindafarnah
Vindarna_Vindarna
Vindillus_Vindillos
Vindo_Vindos
Vindus_Vindos
Vindòtòréis_Vindotorix
Vinsant_Vincent
Vishtasb_Vishtasb
Vishtaspa_Vishtaspa
Vissisleif_Vseslav
Vitalianus_Vitalianus
Vitalleanu_Vitalianus
Vitaléno_Vitalinus
Vittaur_Victor
Viyus_Viyus
Vladimir_Vladimir
Vladimír_Vladimir
Vladislav_Vladislav
Vogitoutus_Vogitoutos
Vojtech_Albert
Volousios_Volusius
Volsenus_Volsenos
Vonones_Vonones
Vratislav_Vratislav
Vsebor_Vsebor
Vuk_Lupo
Vulosiu_Volusianus
Václav_Vaclav
Vèrozéo_Verutius
Vèrtérno_Gwerthern
Vèspasieanu_Vespasianus
Vètoro_Gwidyr
Vélodino_Gwylyddyn
Vétris_Gwydre
Vítek_Guy
Vîracêkara_Virasekhara
Vîrakêcari_Virakhesari
Vîrarâcêntira_Virarajendra
Vîrôtaya_Virodaya
Vîštap_Vishtasb
Waclaw_Vaclav
Wadanh_Wadanh
Waldemar_Vladimir
Waldeve_Waltheof
Walenty_Valentin
Walter_Walter
Waltheof_Waltheof
Walther_Walter
Waltier_Walter
Wankhanak_Wankhanak
Wanko_Vaclav
Wannaqo_Inigo
Warisi_Warisi
Wawrzyniec_Laurence
Waziri_Waziri
Wenceslaw_Vaclav
Wenzel_Vaclav
Werestan_Werestan
Wespasiyaneh_Vespasian
Wichard_Guichard
Wifredo_Wilfred
Wihtræd_Withred
Wilhelm_William
Willaume_William
Willem_William
William_William
Wincenty_Vincent
Wit_Guy
Wladyslaw_Vladislav
Wlodzislaw_Vladislav
Wojciech_Albert
Wratislaw_Vratislav
Wszebor_Vsebor
Wulf_Ulf
Wun_Wun
Xarmandar_Kharmandar
Xassan_Hasan
Xašayar_Khashayar
Xemraja_Xemraja
Xeykhosrow_Keykhosrow
Ximeno_Simon
Xosrov_Khosrow
Xshathrita_Xshathrita
Xshayarshan_Xshayarshan
Xurdan_Jordanes
Xuršîd_Khurshid
Xuseen_Hussayn
Xusrew_Khosrau
Xušyar_Hooshyar
Xwedadad_Khodadad
Xwedayar_Khudayar
Ya'qob_Jacob
Ya'qub_Jacob
Yaakov_Jacob
Yabrélu_Gabriel
Yabénu_Gabinus
Yachin_Jachin
Yafe_Yaffa
Yaffe_Yaffa
Yahya_John
Yahya_Yahya
Yair_Jair
Yaji_Yaji
Yakob_Jacob
Yakov_Jacob
Yakubu_Yakubu
Yakufu_Yakufu
Yaleréu_Galerius
Yammelu_Garmul
Yamusa_Yamusa
Yann_John
Yaqub_Jacob
Yarden_Jordan
Yaron_Aaron
Yaroslav_Jaroslav
Yayyo_John
Yechezkel_Ezekiel
Yederu_Igider
Yehiel_Jehiel
Yehoshua_Joshua
Yehudah_Judah
Yehudi_Jehudi
Yelassu_Gelasius
Yelémeru_Gelimer
Yemelyan_Emil
Yero_Yero
Yeshua_Joshua
Yesseréyu_Genseric
Yezîd_Yazid
Yishai_Jesse
Yisra'el_Israel
Yissakhar_Issachar
Yiswe_Jesus
Yitzhak_Isaac
Yllian_Ilianos
Yngvar_Ingvar
Ynyr_Honorius
Yoav_Joab
Yochanan_John
Yoel_Joel
Yohance_Johan
Yohanna_Johan
Yohannaan_John
Yohannan_John
Yol_Yol
Yonah_Jonah
Yonatan_Jonathan
Yoni_Jonathan
Yoram_Joram
Yosef_Joseph
Yosip_Joseph
Youkhanna_John
Yousef_Joseph
Youssef_Joseph
Youssouf_Joseph
Yovhannes_John
Yovnatan_Johnathan
Yovxan_John
Yrjö_George
Yu_Hugh
Yudamudu_Gunthamund
Yuddamalla_Yuddamalla
Yuddhamalla_Yuddamalla
Yudélyu_Guntharic
Yueffanu_Guenfan
Yug_Yug
Yuli_Julius
Yulyaneh_Julianus
Yunanis_John
Yunfa_Yunfa
Yunusa_Yunusa
Yuriy_George
Yusa_Yusa
Yusif_Joseph
Yusténu_Augustine
Yusuf_Joseph
Yusuf_Yusuf
Yuval_Jubal
Yvery_Iverix
Yédzéu_Aegidius
Yédémelu_Gitimelu
Yésaléyu_Gisalic
Y’n_Y’n
Zabazion_Zabazion
Zacharias_Zachary
Zacharria_Zachariah
Zahur_Zahur
Zaia_Isaiah
Zakariyah_Zachary
Zakharias_Zachariah
Zaki_Zaki
Zakia_Zakia
Zand_Zand
Zanino_John
Zannah_Zannah
Zaria_Zaria
Zartosht_Zartosht
Zawadi_Zawadi
Zbigniew_Zbynek
Zbynek_Zbynek
Zbyszko_Zbynek
Zebidaios_Zabdai
Zeev_Zeev
Zegota_Ignatius
Zenobios_Zenobios
Zenodoros_Zenodoros
Zerdešt_Zartosht
Zev_Zeev
Zherashy_Gelasius
Zhermiany_Germanus
Zhesaturecy_Gesatoricus
Zhocllechanui_Diocletianus
Zhodorui_Diodorus
Zhopui_Diopus
Zhosporui_Diosporus
Zhoñeshui_Dionysius
Zhuceshany_Diocletianus
Zhudury_Diodorus
Zhueshy_Dionysius
Zhupy_Diopus
Zhuspury_Diosporus
Zhèy_Gaius
Zikmund_Sigmund
Ziv_Ziv
Zohar_Zohar
Zoilos_Zoilos
Zopyros_Zopyros
Zorobabel_Zerubbabel
Zosima_Zosimus
Zsigmond_Sigmund
Zuberi_Zubeyr
Zvi_Tzvi
Zygmunt_Sigmund
Zymt_Zymt
Àlvar_Oliver
Áed_Hugh
Áedán_Hugh
Áengus_Angus
Álvar_Oliver
Álvaro_Oliver
Ângelo_Angel
Ãdala_Antalas
Ãdela_Andrew
Ãdonénu_Antoninus
Ãdzéoggu_Antiochos
Ælfræd_Alfred
Ælfstan_Alstan
Ælfwine_Alwin
Ælle_Alwin
Æthelberht_Albert
Æthelfrith_Ethelfrith
Æthelmær_Adémar
Æthelræd_Ailred
Æthelstan_Alstan
Æthelweald_Æthelwold
Æthelwine_Alwin
Æthelwold_Æthelwold
Æthelwulf_Adolf
Èciu_Aetius
Èdano_Aeddan
Èdzhedzui_Aegidius
Èdérno_Edern
Èldoco_Eldoc
Èlvédo_Elwydd
Èlvéno_Elgwyn
Èlvéno_Elwain
Èmallu_Aemilius
Èmellanu_Aemilianus
Èmelleanui_Aemilianus
Èmellui_Aemilius
Èméris_Ambrose
Ènnogiu_Ennodius
Èptapore_Eptaporis
Èptaprè_Eptaper
Èptare_Eptarys
Èptiesucie_Eptesuchis
Èptècièntu_Eptaikenthos
Èrcollu_Heracles
Èspeñe_Ezbenis
Ètsui_Aetius
Éamonn_Edmund
Éciérno_Eachern
Édhoual_Idfael
Édouard_Edward
Édòvalo_Idfael
Égil_Ithel
Égnono_Einion
Égé_Ætius
Éhe_Issa
Éitro_Ector
Énnadzéu_Ignatius
Énri_Henry
Éogan_Eugene
Éorué_Iorweth
Éorveto_Iorweth
Érbin_Erbin
Érbino_Erbin
Érmédo_Ermid
Érmídh_Ermid
Érrerédu_Hilderith
Érreréyu_Hilderic
Ésse_Issa
Étienne_Stephen
Été_Aetius
Éuel_Hywel
Éutapuri_Heptaporis
Éuñasy_Ignatius
Évélo_Hywel
Ézilo_Ithel
Ézéo_Ætius
Ídoé_Octavius
Ídoían_Octavianus
Ígérn_Eachern
Íméri_Ambrose
Ínnon_Einion
Ítre_Ector
Îsmaîl_Ismail
Ñepochanui_Nepotianus
Ñerua_Nerva
Ñerva_Nerva
Ñèputieanu_Nepotianus
Òvéno_Owain
Óengus_Angus
Õdön_Otto
Örvar_Orvar
Östen_Eysteinn
Öysteinn_Eysteinn
Øystein_Eysteinn
Útoeany_Octavianus
Útoiy_Octavius
Þorbjörn_Torbjörn
Þorbrandr_Torbrand
Þordr_Tord
Þorfinn_Torfinn
Þorgil_Torkel
Þorolfr_Thorolf
Þorsteinn_Torsten
Šadî_Shadhi
Šahab_Shahab
Šahbaz_Shahbaz
Šahenšah_Shahanshah
Šahin_Shahin
Šahram_Shahram
Šahrux_Shahrokh
Šahruz_Shahruz
Šahryar_Shahryar
Šapur_Shapur
Šarvin_Sharwin
Šawur_Shavur
Šayan_Shayan
Šîrkûh_Shirkuh