aaron_male = { Aaron AarO_n Haroun }
aasa_female = { A_sa A_se Asa }
abahu_male = { Abahu Avda }
abaya_male = { Abaya Abaye Abayi }
abderrahman_male = { Abderrahman Abderahman }
abdullah_male = { Abdullah Abdallah Abdulah }
abba_male = { Abba Aba }
abel_male = { Abel AbE_l Habil }
abijah_male = { Abijah Abianos }
abraham_male = { Abraham Abraam Avraaham Brahim Ebrahim Ibrahim }
abrelda_female = { Abrelda Abrella Afrella }
achalraja_male = { Achalraja Achalraj }
adam_male = { Adam Adamu Aatso Adimun }
adela_female = { Adela AdE_la AdE_le Addila Adelah Adele Adelia Alena }
adelaide_female = { Adelaide AdalaI_da AdelaI_da Adelaida Adelheid Aleydis Elke }
adeltrudis_female = { Adeltrudis Altruda }
ademar_male = { AdE_mar E_thelmE_r Ademar }
aditya_male = { Aditya Atitta }
adolf_male = { Adolf E_thelwulf Alo Eadulf Eadwulf Edulf Indulf Ildulb }
adrian_male = { Adrian Adran Adrianos Adrien Hadrian }
adriana_female = { Adriana Adriane Hadriana }
aelflaeda_female = { E_lflE_da E_lfflE_d }
aelwyd_female = { Aelwyd Aeluit }
aethelfred_male = { Aethelfred Edylfred }
aethelreda_female = { E_thelreda E_thelrE_da E_thelthryth }
aethelwold_male = { E_thelwold E_thelweald }
afrasiyab_male = { Afrasiyab Efrasiyab }
afshar_male = { Afshar EfS_er }
agatha_female = { Agatha AgA_ta Agafya Agata Agathe }
agathos_male = { Agathos Agathon }
agilulf_male = { Agilulf Agilof }
agnes_female = { Agnes A_gnes A_ine AgnE_s Agne Agnese Agnieszka AinE_s Aines Annest Auni InEEs InE_s Nest Nesta Uunis }
ahmad_male = { Ahmad Ehmed }
ahha_male = { Ahha Ahai }
ailred_male = { Ailred E_thelrE_d Edryd }
aiulf_male = { Aiulf Ajo }
akbar_male = { Akbar Ekber }
alan_male = { Alan Alain Allan }
alaric_male = { Alaric Alar Alarich Alaricho }
albert_male = { Albert E_thelberht Adalbert Adalberto Alberto Albrecht Albrikt Aldabert Aldebert Altpert BE_la Erp VojtE_ch Wojciech }
aldonza_female = { Aldonza AldonC_a Aldontza Eldonza }
aldric_male = { Aldric Aldrich }
aldroenus_male = { Aldroenus Aldrien Aldwr }
alduara_female = { Alduara Aldara Elduara }
alebrand_male = { Alebrand Adalbrand }
alexander_male = { Alexander Alastair Aleksander Aleksandr Aleksandre Ales Alessandro Alexandr Alexandros Alexandru Alisander Allisander Chaandy Eskander Iskander Iskinder SA_ndor Iskender }
alexandra_female = { Alexandra Saundra }
alexis_male = { Alexis Alexei Alexios }
alf_male = { Alf Alfr Alv }
alfhild_female = { Alfhild Alfhildr }
alfred_male = { Alfred E_lfrE_d Acfred Alured }
alfridh_female = { Alfridh AlfriT_ }
ali_male = { Ali ElI_ }
alice_female = { Alice AlaI_s Alausia AliC_ Alicia Alijse Alis Alisce Alisia Alitz Alix Allust Alys Anleta }
almodis_female = { Almodis Adalmode AlmO_dis }
alphonse_male = { Alphonse Adelfonso Adfuns Afonso Alfons Alfonso Alfonsu Alfontso Alifonso Alonso AnfO_s }
alstan_male = { Alstan E_lfstan E_thelstan Elystan }
alwin_male = { Alwin E_lfwine E_lle E_thelwine Aelle AilpI_n Alboin Algwyn Alpin Alwen Alwyn Audoin Ealdwine Elfin Elpin }
amalric_male = { Amalric Amalrich Amalaricho Amaury Manrike Manrique Amelrich }
amarabhujanga_male = { Amarabhujanga Amarapuyankan }
ambara_male = { Ambara Ambare }
ambrosius_male = { Ambrosius Ambroz Emrys }
amelia_female = { Amelia AmA_lia Amalia Amalie Amelie }
ammangadevi_female = { Ammangadevi AmmankA_tE_vi }
anangpala_male = { Anangpala Anangpal }
anastasia_female = { Anastasia Anastazja }
anastasius_male = { Anastasius Anastasios }
andrew_male = { Andrew Anders AndrA_s AndrE_ AndrE_s Andrea Andreas Andrei Andrija Androus Andrzej JE_drzej OndR_ej }
andrea_female = { Andrea Andrijana }
andronicus_male = { Andronicus Andronik Andronikos }
angel_male = { Angel Angelo Anghel }
angelus_male = { Angelus AN_gelos }
angus_male = { Angus A_engus O_engus Ungust Unuist }
anna_female = { Anna Ana Annamma Anne Annes }
anthimos_male = { Anthimos Anthinos }
antoninus_male = { Antonius Antoninus Annwn Antoine Anton Antoni Antonino Antonio Antonios }
anund_male = { Anund Anundr }
anupapala_male = { Anupapala Anuppal }
anushirvan_male = { Anushirvan EnU_S_irwan }
aparajita_male = { Aparajita AparA_cita }
aparajitavarman_male = { Aparajitavarman AparA_citavarman }
arcadius_male = { Arcadius Argad }
archibald_male = { Archibald Archambaud Archambaut }
ardahan_male = { Ardahan Erdehan }
ardavan_male = { Ardavan Artivan Erdewan }
ardeshir_male = { Ardeshir Artashir ErdeS_I_r }
arikesari_male = { Arikesari ArikE_cari }
arinjaya_male = { Arinjaya AriN_caya }
aristaces_male = { Aristaces Aristakes Aristarchos Aristarchus Aristarkh }
arjuna_female = { Arjuna Arjune }
arjunpala_male = { Arjunpala Arjunpal }
arne_male = { Arne Arni }
arnold_male = { Arnold Arnald Arnalt Arnau Arnaud Arnault Arnaut Arnd }
arnulf_male = { Arnulf Arnoul }
arsenda_female = { Arsenda Arsinde }
arslan_male = { Arslan Arslam Araslan }
artal_male = { Artal Artau }
artemius_male = { Artemius Arthen }
arthbodus_male = { Arthbodus Arthfoddw }
arthur_male = { Arthur Achiuir ArtU_r Art Arthwr Artur Aarto Artorius Arthguiu Arthueu Arthuiu Arthwys }
asbjorn_male = { AsbjO_rn Osbeorn }
asher_male = { Asher Ashur }
ashoka_male = { Ashoka Asoke }
ashot_male = { Ashot ES_ot }
asig_male = { Asig Esiko }
asta_female = { Asta A_sta }
astrid_female = { Astrid Estrid }
athanasius_male = { Athanasius Afanasiy Athanasios }
athirajendra_male = { Athirajendra AtirA_cE_ntira }
atrnerseh_male = { Atrnerseh Adarnase }
aubrey_male = { Aubrey Alberich }
august_male = { August Agustin Augustin Auust Awgustin Awst }
augustine_male = { Augustine AugustI_n }
aurelia_female = { Aurelia Efrddyl Efyrddyl }
aurelius_male = { Aurelius Aurelio Aureliu Awrehli }
avdima_male = { Avdima Avdimi }
avelina_female = { Avelina Aveline }
aymeric_male = { Aymeric Aimeric Aimery Aymar Emelrich Emmerich }
ayyub_male = { Ayyub Eyyub }
babaeus_male = { Babaeus Babai Babowai Babwahi }
babak_male = { Babak Babek }
baghpala_male = { Baghpala Baghpal }
bagour_male = { Bagour Bakur }
bahram_male = { Bahram Behram }
bakhtiar_male = { Bakhtiar BextI_yar Pakhtiyar }
balambar_male = { Balamber Balambar BalambA_r }
balder_male = { Balder Baldr Baldur }
baldric_male = { Baldric Baldarich Baldrick }
baldwin_male = { Baldwin Baldewin Baldoen Baldovino Balduin BaudoI_n Baudouin Boudewijn }
baltasar_male = { Baltasar Balthasar }
barbara_female = { Barbara Barabal }
bartolomeus_male = { Bartholomew Bartolomeus BarthE_lE_mi Bartholomaios Bartol Bartolomeo Bartosz BartoumiE_u Talmai Tulmay }
batalo_male = { Batalo }
batic_male = { BatiC_ }
basil_male = { Basil Basileios Basilio Vasile Vasilii Vasiliy }
beatrice_female = { Beatrice BE_atrice BE_atrix Beathoc Beatrijs Beatritz Beatriu Beatrix Beatriz Beitris Bia Brethoc Brites }
beejpala_male = { Beejpala Beejpal }
beladore_female = { Beladore Beladora }
beli_male = { Beli Bili }
belisarius_male = { Belisarius Belisarios }
benedict_male = { Benedict BeneS_ Benedek Benedetto Benedikt Beneke Beneset Benet Bengt Benito BenoI_t Budoc Budic Budog }
benedicta_female = { Benedicta Benedetta Benedikte Benita BenoI_te }
benjamin_male = { Benjamin Binyamin }
beorn_male = { Beorn BjO_rn BjOErn }
berengar_male = { Berengar BE_renger Berengario Berenger Berenguer BerenguiE_ Berenguel Berengariu BerengA_rio }
berengaria_female = { Berengaria BerengA_ria Berenguela Berenguera }
berhtwine_male = { Berhtwine Berthgwyn }
berin_male = { Berin Birinus }
bernard_male = { Bernard BE_rard Barnaerd Benno BernA_t BernabO_ Bernaldu Bernardin Bernardo Bernart Bernat Bernd Bernead Bernhard }
bertha_female = { Bertha Berta Berthe Berthildis }
berthoald_male = { Berthoald Berthgualt Berthwallt }
berthold_male = { Berthold Bertold Perctarit }
bertrand_male = { Bertrand Beltram Bertram Bertran BertrA_n }
bhima_male = { Bhima Bhimadeva }
bhoja_male = { Bhoja Bhoj Bhojavarman }
bhumpala_male = { Bhumpala Bhumpal }
birpala_male = { Birpala Birpal }
bishara_male = { Bishara Bishoi }
blaise_male = { Blaise BL_aZ_ej Blasi Blayve Blaz }
blanche_female = { Blanche Bianca Blanca Blanka Branca }
bleddyn_male = { Bleddyn Blethin }
bledrig_male = { Bledrig Bledric }
bleiddud_male = { Bleiddud Blethiut }
blodwen_female = { Blodwen Bleutuen }
bogdan_male = { Bogdan Bohdan }
bogisa_male = { BogiS_a }
boguslaw_male = { BogusL_aw BogisL_aw Bogislav Bohuslav }
bogut_male = { Bogut }
boleslav_male = { Boleslav BolesL_aw }
bonifacius_male = { Bonifacius BoN_cza Bonifacio }
bonne_female = { Bonne BO_na Bona }
boric_male = { BoriC_ }
boris_male = { Boris Borisz }
borivoj_male = { Borivoj Borzywoj BoR_ivoj }
bothild_female = { Bothild Bothildr }
bouchard_male = { Bouchard Burchard Burgheard }
brage_male = { Brage Bragi }
brailo_male = { Brailo }
brajko_male = { Brajko }
bran_male = { Bran BrA_n }
branwaladr_male = { Branwaladr Brangualart }
bretislaus_male = { Bretislaus BR_etislav Briachislav }
brian_male = { Brian Brient }
brigid_female = { Brigid Berchet Birgitta Bregida Brigida BrI_gida }
brigit_female = { Brigit Breaca Breage Bride Ffraid Bridei Brude Bruide }
briog_male = { Briog Breoc Brioc }
brogmaglus_male = { Brogmaglus Brochfael Brochuael }
bronwen_female = { Bronwen Bronuen }
brunhilda_female = { Brunhilda Brunhilde Brunilde Brunechildis }
bruno_male = { Bruno Brun }
brutus_male = { Brutus Brwt Bride Bridei Brude Bruide  }
brychan_male = { Brychan Broichan }
butli_male = { BuT_li }
cado_male = { Cado Cadwy }
cadog_male = { Cadog Cadoc }
cadw_male = { Cadw Cadou }
cadwaladr_male = { Cadwaladr Catgualart }
cadwallon_male = { Cadwallon Catuallon }
cadwared_male = { Cadwared Catguoret }
cadwr_male = { Cadwr Cador }
caecilius_male = { Caecilius Aksel Aksil }
caedicius_male = { Caedicius Cedig }
caesar_male = { Caesar Gesar Kaisarios }
cagintria_female = { Cagintria Ceindrec Ceindrych }
camilla_female = { Camilla Kamilla }
camillus_male = { Camillus Camillo Kamil }
caratacus_male = { Caratacus Caradec Ceredig Caradog Caradaig Caradoc Cerdic Cedric }
carbrey_male = { Carbrey Cairbre }
carloman_male = { Carloman Karlmann Karloman }
caroline_female = { Caroline Karlotte }
caspar_male = { Caspar GA_spA_r Jaspar Kaspar }
catherine_female = { Catherine CaitilI_n Caitrion Catalina Catarina Cateline Caterina CathE_rine CatrI_ona Catrin Catriona Ecatarina Ekaterina Kaarina Karin Katalin Katalina Katarina Katarzyna KateR_ina Katerina Katharina Kathrijne Katrien Katrine Ketevan Nienke Yekaterina Katranide }
cecil_male = { Cecil Seisyll }
cecilia_female = { Cecilia CecI_lia CE_cile Cecilie Cecily Cicely }
centule_male = { Centule Centolh Zentulo }
chanin_male = { Chanin Chanina Chaninai Chinena Hanina Rachim Rahim }
charles_male = { Charles Carles Carlus Cearl KA_roly Kaarle Karel Karl Karlo Karlos Karol }
chayuta_female = { Chayuta Hayuta }
chozai_male = { Chozai Hozai }
christian_male = { Christian Kersten Kristian Krystyn }
christina_female = { Christina Christine CrI_stina Cristen Cristin Cristina Kirstin KristY_na Kristiina Kristina Krisztina Krystyna }
christopher_male = { Christopher Christoffer Christophoros Cristoforo Kristof Krystafer Krzysztof Risto }
chrystanthos_male = { Chrystanthos Krisanthos }
chunya_male = { Chunya Nechunya }
ciaran_male = { Ciaran Piran }
cicek_female = { C_iC_ek C_iC_A_k C_eC_ek }
clara_female = { Clara KlA_ra Klara Llear }
claudia_female = { Claudia Glades Gwladys }
claudius_male = { Claudius Glywys }
clement_male = { Clement ClamenC_ Clemen Clemence Clemens Clemente Kliment }
clementia_female = { Clementia ClemE_ncia Clemencia Clemenza Klementia }
clether_male = { Clether Cleder }
clotaire_male = { Clotaire Chlothar }
clotilde_female = { Clotilde Cloutilda Cothilda }
cobflaith_female = { Cobflaith Coblaith }
conall_male = { Conall Canuall }
conan_male = { Conan Canan ConA_n Cynan Kenan }
conn_male = { Conn Canu }
constance_female = { Constance ConstA_ncia ConstanC_a Constansa Constanza Costanza Konstancia Konstancie Konstancja Konstantzia Konstanze }
constans_male = { Constantius Constans Konstantios Castant Custent Cysteint Konstas }
constantia_female = { Constantia Konstantia }
constantina_female = { Constantina Konstantine }
constantine_male = { Constantine Castantin CausantI_n ConstantI_n Custennin Custentin Gosdantin Konstantin Konstantine Konstantinos }
corentin_male = { Corentin Caurantin }
cornelius_male = { Cornelius Cornelio Corneliu Kornel }
cosma_male = { Cosma Koz_ma }
cosmas_male = { Cosmas Kosmas }
creirwy_female = { Creirwy Cleirui }
crundmael_male = { CrundmA_el CruinnmA_el }
ctibor_male = { Ctibor CzcibO_r }
culmin_male = { Culmin Cwlfyn }
cuthbert_male = { Cuthbert Cuthberht }
cybi_male = { Cybi Cuby Kybi }
cynddelw_male = { Cynddelw Condeleu }
cyndyddan_male = { Cyndyddan Condidan }
cynfael_male = { Cynfael Conmael }
cynfarch_male = { Cynfarch Conmarch }
cynfelyn_male = { Cynfelyn Convelin }
cyngar_male = { Cyngar Congar }
cyngen_male = { Cyngen Concen }
cynog_male = { Cynog Canuac }
cynwallon_male = { Cynwallon Conuallon }
cyprianus_male = { Cyprianus Cyprian }
cyriacus_male = { Cyriacus Cwrig }
cyril_male = { Cyril Kirill Kurillos Kyrillos }
cyrus_male = { Cyrus KU_ruS_E_ Kurian Kurush }
dabisa_male = { DabiS_a }
dag_male = { Dag Dago }
damian_male = { Damian Damiano Dwyfan }
daniel_male = { Daniel Danail DaniE_l Daniil Danilo Daniyel Danyal Deiniol Deniel Taniel }
dantivarman_male = { Dantivarman Tantivarman }
danush_male = { Danush DanU_S_ }
darius_male = { Darius Dariush DaryU_S_ }
david_male = { David DA_vi Da_oud Da_ud DabI_d Dabuut Daevit Dafydd Daoud Daouda Dauid Davide Davit Davud Davyd Dawud Deui Dewi Tuokko }
demetrius_male = { Demetrius Demetre Demetrio Demetrios Dmitriy }
dennis_male = { Danis Dinis }
denise_female = { Denise Denis }
derilla_female = { Derilla Der-Ilei Durilia }
derval_female = {  }
devorguilla_female = { Devorguilla Der-bForgaill Derborgaill Dervorgilla Derbforgaill Derbforgail }
dhanga_male = { Dhanga Dhangadeva }
dharma_male = { Dharma Tarma }
diaco_male = { Diaco Diego Diegu Diago DI_dac Diogo }
dieter_male = { Dieter Theodo }
dietmar_male = { Dietmar Detmar Thietmar Tymmeke }
dikla_male = { Dikla Diklah }
dikla_female = { Dikla Diklah Diklit }
dilipapala_male = { Dilipapala Dilippal }
dionysus_male = { Dionysus DiO_nisios Dionisii Dioniso Dionysios }
dominic_male = { Dominic DomE_nico Dominik Domingu Domingo }
donald_male = { Donald Domelch Domnall Donault Donual Dyfnwal }
donatus_male = { Donatus Donato Dynod }
doniert_male = { Doniert Donyarth Dungarth Dumnarth Dyfnarth }
dorothy_female = { Dorothy Dorota Doroteja Dorothea Dorottya }
douce_female = { Douce DolC_a Dulce Duce Endulcia Dulzis }
douglas_male = { Douglas Dubhglais }
dragonja_male = { Dragonja }
draupada_male = { Draupada Draupad }
drogo_male = { Drogo Drogon }
duff_male = { Duff Dubh Duib }
dugald_male = { Dugald Dubhghall }
duncan_male = { Duncan DU_nchad Donnchad Donncuan DonnucA_n }
dyfnwallon_male = { Dyfnwallon Donuallon }
dywel_male = { Dywel Domuel }
edgar_male = { Edgar Adgar Eadgar }
edith_female = { Edith Eadgyth Ealdgyth Edit }
edmund_male = { Edmund E_amonn Eadmund }
ednyfed_male = { Ednyfed Iudnimet }
edward_male = { Edward E_douard Edouart Eduard Eduardo Edvard Iorweth Jedvard }
edwin_male = { Edwin Eadwine Edwyn }
egbert_male = { Egbert Ekbert }
egidius_male = { Egidius Egidio Gil Gilles Chil Xil }
egil_male = { Egil Egill Eigil }
einar_male = { Einar Einarr }
eithne_female = { Eithne Edna }
ekkehard_male = { Ekkehard Eggerd }
elaine_female = { Elaine Eleina }
eleanor_female = { Eleanor E_lE_onore AliE_nor AlienO_r Alienora Alionor Eilionoir Eilionora Eleonora Eleonorka Elinor Elionor Ellijnore Ellinor Leonor Leonore Lleonor }
elias_male = { Elias HE_lias }
elidius_male = { Elidius Elid Lide }
elijah_male = { Elijah Ilyas }
elisabeth_female = { Elisabeth Beileag Bet EisabE_u ElZ_bieta Elisa ElisabE_ta Elisabet Elisabeta Elisabetta Elisaveta Elise Elizabeta Elizabeth Elspeth ErzsE_bet Isabela IsabE_la IsabE_u Isabeau Isabel Isabella Isabelle Isobel Lillias Lise Lisebet Lys Yelizaveta Aaleyaamma Elesbed Elisaued Uusbail Ysbail Zabel AlZ_bEE_ta Sabela }
eloise_female = { Eloise Eliz Eliza HE_loise Heloise }
elod_male = { ElO_d ElO__d }
elvira_female = { Elvira Elbira Albira }
emer_female = { Emer Eimhir }
emoke_female = { EmO_ke EmO__ke }
emil_male = { Emil Yemelyan }
emily_female = { Emily Emili Emilia Emilie Emilija Emiliya Milia MI_lia }
emma_female = { Emma AI_na Hemma Imma }
emmanuel_male = { Emmanuel Emmanouel }
endellion_female = { Endellion Endelient Endellienta }
enfidaig_male = { Enfidaig Ainftech Enuidaig }
engelbrecht_male = { Engelbrecht Ingalbert }
enoch_male = { Enoch EnO_ch }
enoder_male = { Enoder Wenheden }
eochaid_male = { Eochaid Oucydd Uuochu }
eric_male = { Eric Erc Erth Herygh Uuirp Erik Eirik Eirikr Erich Erkki }
ermengarde_female = { Ermengarde Ermegardis Ermengard Ermengarda Ermengardis Ermingarde Irmgard }
ermengaud_male = { Ermengaud Ermengol Ermengar Armengol }
ermesinda_female = { Ermesinda Ermenisinda Ermessenda Ermessentz Ermessinde Ermesenda Ermisenda Hermesinda Hermessent }
ernest_male = { Ernest ArnoS_t Ernst }
esclarmunda_female = { Esclarmunda Clarmonda Esclarmonda Esclarmonde Esclaramunda }
esfandiar_male = { Esfandiar Esfendiyar }
eternus_male = { Eternus Edern }
ethelfrith_male = { Ethelfrith E_thelfrith }
eudocia_female = { Eudocia Eudokia Yevdokia }
eudoxia_female = { Eudoxia Eudosia }
eugene_male = { Eugene E_ogan EO_ganA_n EO_gan Egenio Eguen Eugenio Even Ewan Owain Uuen Owen }
eugenia_female = { Eugenia Euginia Owena Uuena }
euny_male = { Euny Uny }
euphemia_female = { Euphemia Affraic Aufrica EufE_mie Eufemia Yefimia }
euphrasia_female = { Euphrasia Effros }
euphrosyne_female = { Euphrosyne Eufrosina Eufroysina Euphrosine Yefrosinia }
eusebius_male = { Eusebius Eusebi }
eustace_male = { Eustace Eustache Eustachy Eustathios }
eva_female = { Eva E_ua E_va AibilI_n Ava Efa Eua Eve Eba }
everard_male = { Everard Eberhard Everd Evrard }
eysteinn_male = { Eysteinn O_sten O_ysteinn O_ystein Eystein Uisdean }
fadl_male = { Fadl Fezl }
fadlun_male = { Fadlun Fezlun }
faramarz_male = { Faramarz Feramez }
faramond_male = { Faramond Pharamond }
faraz_male = { Faraz Feraz }
farbokht_male = { Farbokht Marabokht }
farhad_male = { Farhad Ferhad }
farhan_male = { Farhan Ferhan }
farhang_male = { Farhang Ferheng }
fariborz_male = { Fariborz Feriburz }
farid_male = { Farid Fareed FerI_d }
farquhar_male = { Farquhar Fearchar }
farroukh_male = { Farroukh Ferux }
farrukhzad_male = { Farrukhzad Feruxzad }
farzad_male = { Farzad Ferzad }
felix_male = { Felix Felec Felice SzczE_sny }
feradach_male = { Feradach Uuredach }
ferdinand_male = { Ferdinand Ferant Ferdinando FernA_o FernA_n Fernando Fernandu Ferran Ferrand Ferrando Friedenando Friednand }
ferdows_male = { Ferdows Firdews }
fergus_male = { Fergus Fearghus Gurcant Gurguist Gurguistl Gwrgant Urguist }
feridun_male = { Feridun FerI_dun Fereedun }
ffernfael_male = { Ffernfael Farinmael }
findlay_male = { Findlay Finnlagh FindlaI_ch }
finn_male = { Finn Fingal Gwyn Fionnghall }
finnguala_female = { Finnguala Fenella Fingola Nuala }
flora_female = { Flora Fflur Flor FlO_ra Floarea }
folke_male = { Folke Folco Folki Folquet Foulques Fulk }
fracan_male = { Fracan Fragan }
francesca_female = { Francesca Francesa }
francis_male = { Francis Ferenc FranC_ois FrancE_s Francesco Frang Franjo Frans Fransaz FrantiS_ek Franz Proinsias Fransis Ffransis Francesc }
frederick_male = { Frederick BedR_ich Fadrique Federigo FrE_dE_ric Frederi Frederic Frederico Frederik Fredrik Friedrich Rieti }
frederique_female = { Frederique Frederikke Friedrica }
frej_male = { Frej Freyr }
freja_female = { Freja Freyja }
friog_male = { Friog Ffriog Frioc }
frode_male = { Frode FroT_i }
froila_male = { Froila Fruela Fruella }
fronilde_female = { Fronilde Fronilda Fruilhe }
gabriel_male = { Gabriel GA_briel Gabri_el Gabrieli Gavriil Gavril Gavrilo Kapriel Kauro }
gagik_male = { Gagik Gagiki }
gaius_male = { Gaius Cai }
galindo_male = { Galindo Galind Galindas }
gallus_male = { Gallus GaweL_ Havel }
gandarditya_male = { Gandarditya KantarA_titta }
garcia_male = { Garcia GarC_i GarcI_a Garsiya Gartzia }
gaston_male = { Gaston Gastone }
gavin_male = { Gavin Gwalchmai }
gaya_male = { Gaya Gaye Gaia }
gebhard_male = { Gebhard Gevert }
gennadius_male = { Gennadius Gennatios }
george_male = { George Djordje GeO_rgios Georg Georgios Georgy Gevorg Gheorghe Giorgi Giorgio GyO_rgy Juraj JU_rgen Jerzy JiR_I_ Jord Jorge Sior Varughese YrjO_ Yuriy Giwargis }
georgia_female = { Georgia GyO_rgyi }
gerald_male = { Gerald GE_raud Garalt Garibald Geraldo Gerallt Geralt Geraud Gerbald Gerold Gierolt Guerau Guiraud Gerard GE_rard Gehrke Gerardo Gerhard Ghert Girard Guiral Guitart Xerardu }
gerberga_female = { Gerberga GerbE_rga Gerberge Gerburgis Gerperga }
german_male = { German Garmon }
germanus_male = { Germanus Germanos }
gerontius_male = { Gerontius Ganant Geraint Gereint }
gertrude_female = { Gertrude Geretrudis Gertrud Gertruda Gheertrude Gjertrud }
ghoncheh_female = { Ghoncheh XonC_e }
gilbert_male = { Gilbert GilbE_rt Gilberto Gilbride Gilla-BrI_gte Giselbert Guislabert }
gilchrist_male = { Gilchrist Gilla-CrI_st }
gilpatrick_male = { Gilpatrick Gilla-PA_traic }
gilroy_male = { Gilroy Gilla-Ruad }
gisalic_male = { Gaisalaiks Gisalic }
gisela_female = { Gisela GisE_le Giselle Giseltrude Gisla Gizella Guisla }
gnupa_male = { Gnupa }
godfrey_male = { Godfrey GO_dke Gausfred Geoffrey Geoffroy Geofroi Geoffroi Godafres Godefroi Godefroy Godfried Goffredo Gofraid Gotfred Gottfried GuT_friT_ Guthfrith JaufrE_ Jaufre Jaufret JofrE_ SE_afra Sieffre SiothrU_n }
godwin_male = { Godwin Godwyn }
gojslav_male = { Gojslav }
gojslava_female = { Gojslava }
golbahar_female = { Golbahar Gulbehar }
golnaz_female = { Golnaz Gulnaz }
gomez_male = { Gomez GO_mez Gomes }
gonzalo_male = { Gonzalo GonC_al GonC_alo Gontzal Gonzalu }
gopala_male = { Gopala Gopal }
gopendraraja_male = { Gopendraraja Gopendraka }
gorandukht_female = { Gorandukht Gorandoukht Guranduht }
gorm_male = { Gorm Guttorm }
gormflaith_female = { Gormflaith Gormelia Gormlaith Gormuil }
goshtasb_male = { Goshtasb GoS_tasp }
gotruda_female = { Gotruda Gonterote Gontroda Gontrode }
gottschalk_male = { Gottschalk Godescalc Gosschalk }
govindaraja_male = { Govindaraja Govinda Govindapala Govindraj Guvaka }
gregory_male = { Gregory Gigurum Giric Greger Gregers Gregor Gregoras Gregorio Gregorios Grigoli Grigor Grigoris Grigore Grigorii Grgur Grigoriy Grygor Grzegorz Jerjer Grwgari }
grim_male = { Grim Grimr }
gruba_female = { Gruba }
guaifer_male = { Guaifer Waifar }
guaimar_male = { Guaimar Waimar }
guaram_male = { Guaram Guram }
gudmund_male = { Gudmund GuT_mundr Guthmund }
gudrod_male = { GudrO_d GuT_rO_T_r GudrOEd }
gudrun_female = { Gudrun GuT_run Guntrud }
gulcicak_female = { GulC_iC_A_k GulC_iC_ek GulC_eC_ek }
gundoald_male = { Gundoald Gundo }
gunhild_female = { Gunhild Gunhilda Guinidilda Gunnhild Gunnhildr Winidilda }
gunnar_male = { Gunnar Gunnarr }
gunther_male = { GU_nther Gunzelin }
guy_male = { Guy Gui Guido Guidone Guigues Guij VI_tek Wicho Wido Wit }
gwen_female = { Gwen Gwenn Uen Wenn Wenna }
gwerfyl_female = { Gwerfyl Gueruel }
gwrfawr_male = { Gwrfawr Gouremor }
gwrgeneu_male = { Gwrgeneu Gurceneu }
gwrgi_male = { Gwrgi Gurci }
gytha_female = { Gytha GyT_a Gyda }
hakon_male = { Hakon HA_kan HA_kon Hacon }
hamelin_male = { Hamelin Hammelin }
harold_male = { Harold Ariald Harald Haraldr Herold }
harsa_male = { Harsa Harshapala }
harvey_male = { Harvey Huiarnviu }
hasan_male = { Hasan Abdul-Hasan Hassan Hesen }
hawise_female = { Hawise Hawis Hawys }
hazarasp_male = { Hazarasp Hezarhesp }
hedwig_female = { Hedwig Hadwig }
helen_female = { Helen Aileen Elen Elena Elene Helena Helene Hellene Ilona Jelena Liekko Olena }
helge_male = { Helge Helgi Oleg }
helias_male = { Helias Alias }
henry_male = { Henry E_nri Enric Enrico Enrique Hanri Harri Heinrich Hendrik Henri Henrik Henrike Henrique Henryk Herri Hinrik Hynek JindR_ich Ezzo }
heracles_male = { Heracles Erclwf Erekle Herakleios Herculius }
herbert_male = { Herbert Aribert Aripert Herberd Hereberht Heribert }
hereweald_male = { Hereweald Herewallt }
herlinda_female = { Herlinda Hermelinda }
herman_male = { Herman Hermann }
herori_male = { Herori Haeloubri }
hilaria_female = { Hilaria Eleri }
hildebrand_male = { Hildebrand Hildeprand }
hildegard_female = { Hildegard IldE_garde }
hildegarde_female = { Hildegarde Ildegarda }
hina_female = { Hina China }
hirapala_male = { Hirapala Hirapal }
honorius_male = { Honorius Ynyr }
hooshyar_male = { Hooshyar XuS_yar }
hormazd_male = { Hormazd Hurmiz }
hossein_male = { Hossein Hosen }
hran_male = { Hran Hrana }
hrvoje_male = { Hrvoje }
hubert_male = { Hubert Hugbert }
hugh_male = { Hugh A_edA_n A_ed Aedan Aeddan Aethon Hucpert Hug Hugo Hugues Huw Uc Ugo Ugues }
humbert_male = { Humbert Ubert Umberto }
humphrey_male = { Humphrey Honfroi Hunfroi }
hussein_male = { Hussein HisE_n }
hyacinth_male = { Hyacinth Jacek Jacenty }
hywel_male = { Hywel HoE_l Huwal Howell }
hval_male = { Hval }
ida_female = { Ida Ide Yda }
idnerth_male = { Idnerth Iudnerth }
idwal_male = { Idwal Idual Iudual }
idwallon_male = { Idwallon Iduallon Iuduallon }
ignatius_male = { Ignatius Z_egota Ignatios }
illick_male = { Illick Dilic }
indra_male = { Indra Indre }
indrapala_male = { Indrapala Indrapal }
inge_female = { Inge Inga Inka }
ingeborg_female = { Ingeborg IngebjO_rg IngibjO_rg }
ingegerd_female = { Ingegerd IngjerT_r Ingjerd }
ingolf_male = { Ingolf IngO_lfr Inge }
ingvar_male = { Ingvar InwE_r Yngvar }
inigo_male = { Inigo Eneco Eneko Wannaqo }
irene_female = { Irene Eirene IrE_n Irina }
isaac_male = { Isaac Ishaq Ittac Sahag Sahak }
isaiah_male = { Isaiah Zaia }
ishkhan_male = { Ishkhan Ishkhanik }
isidoros_male = { Isidoros Isidor }
ismail_male = { Ismail I_smaI_l Esma_il Is_mail Isma_il }
isolde_female = { Isolde Iseult Isode Isotta Isoude Izolda Essyllt }
ithel_male = { Ithel Iudhael }
ivar_male = { Ivar I_omhar Evander Ibor Ifor Ivor }
jacob_male = { Jacob Chaacko Hamish Iacob Iago Iakobos Iakov JA_kob Jaakoppi Jacco Jacme Jacopo Jacques Jakob Jaksa Jakub Jakusz James Jaume KO_pke SE_amas Ya_qub Yaqub Jaime Chaime Jakue Ya_qob }
jaganpala_male = { Jaganpala Jaganpal }
jagatpala_male = { Jagatpala Jagatpal }
jagdeva_male = { Jagdeva Jagdev }
jahandar_male = { Jahandar Cehandar }
jahangir_male = { Jahangir Cehangir }
jahanshah_male = { Jahanshah CehanS_ah }
jaitrasimha_male = { Jaitrasimha Jaitra-Singh }
jamshid_male = { Jamshid CemS_I_d }
jarnegon_male = { Jarnegon Iarnegon }
jaromir_male = { Jaromir JaromI_r Jaromar }
jaroslav_male = { Jaroslav JarosL_aw Yaroslav }
jasapala_male = { Jasapala Jaspal }
jatanpala_male = { Jatanpala Jatanpal }
javeed_male = { Javeed Cevid }
jayantavarman_male = { Jayantavarman Cayantavarman }
jayaraja_male = { Jayaraja Ajairaja }
jayasimha_male = { Jayasimha Jay-Singh Jayat-Singh }
jeremiah_male = { Jeremiah Ieremias }
jesse_male = { Jesse Hoase Hoasse Hoassi }
jesus_male = { Jesus Eisow IE_sous Yiswe }
jhetpala_male = { Jhetpala Jhetpal }
joakim_male = { Joakim Jochim }
joan_female = { Joan Eonnecte Iannia Ioanna Iouenna Janed Jean Jeanne Joana Joanna Johanna Juana Seonaid Sheena Shona SiA_n SiobA_n Sioned Siunod Xuana Xoana Chuana }
job_male = { Job Iyob Joab }
john_male = { John HanuS_ Hovhannes IO_annE_s Iain Iehan Ieuan Ioan Ioane Ioann Ioannes Iohannes Iuan Ivan IvaniS_ JA_nos Jan JanisL_aw Janis Janko Janos Janusz Jean Jehan Jehane JoA_o Joan Joanes Joannes Johan Johann Johannes Jon Jovan Juan Juvven SeA_n SeoA_n Yahya Yann Yohannaan Yohannan Youkhanna Yovhannes Yovxan Yunanis Xuan Chuan }
jonah_male = { Jonah IO_annou }
jonas_male = { Jonas Ionas }
jordan_male = { Jordan Jourdain }
jordanes_male = { Jordanes Iordanes }
joscelin_male = { Joscelin Gaucelin Gautselin Iocilin Josselin }
joseph_male = { Joseph Hovsep Iosep Ioseph JO_zef JO_zsef Josif Josip Jozef Yosef Yosip Yousef Youssef Yusuf }
joshua_male = { Joshua Kossy Yeshua }
judicael_male = { Judicael Iudicael }
judith_female = { Judith Judhael Judit Judita Judyta Jutta }
julian_male = { Julian Ioulianos Julien Juliusz Silin Sulgen Sulian Sulien Tysilio }
juliana_female = { Juliana Giulia Iouliana Iulia JU_lia Julia Julienne Ioulia Iyana }
julius_male = { Julius Juw }
justin_male = { Justin Gestin Iestan Iestyn Ioustinos }
justina_female = { Justina Ioustina }
justinanius_male = { Justinanius Stinian }
justinian_male = { Justinian Ioustinianos }
kailaspala_male = { Kailaspala Kailaspal }
kakhopala_male = { Kakhopala Kakhopal }
kallinikios_male = { Kallinikios Kalinikos }
kanak_male = { Kanak Kanakk }
kanaka_male = { Kanaka Kanake }
kanvarpala_male = { Kanvarpala Kanvarpal }
karnadeva_male = { Karnadeva Karandeva }
kavoos_male = { Kavoos KA_vus }
kea_male = { Kea Ke }
kenneth_male = { Kenneth CinA_ed Ciniod }
kentigern_male = { Kentigern CennE_tig Cyndeyrn Guentigirn }
keykhosrau_male = { Keykhosrau Kaikhosro Keyxusrew }
keykhosrow_male = { Keykhosrow Xeykhosrow }
khafif_male = { Khafif Hafif }
khachig_male = { Khachi Khachig }
kharmandar_male = { Kharmandar Xarmandar }
khashayar_male = { Khashayar XaS_ayar }
khetrapala_male = { Khetrapala Khetrapal }
khodadad_male = { Khodadad Xwedadad }
khosrau_male = { Khosrau Khosrov Xusrew }
khudayar_male = { Khudayar Xwedayar }
khurshid_male = { Khurshid XurS_I_d }
kieran_male = { Kieran Peran Pyran }
kiratpala_male = { Kiratpala Kiratpal }
kirtivarman_male = { Kirtivarman Keerti-Verma }
knut_male = { Knut Knud Kuuti }
kolbein_male = { Kolbein Colban }
koloman_male = { Koloman Kolman }
konrad_male = { Konrad CenrE_d Cord Corrado Koenraad KonrA_d Kuno }
kopperunchinga_male = { Kopperunchinga KO_pperuN_cimman }
kresimir_male = { KreS_imir Krsmir Uskrsimir }
kujava_female = { Kujava }
kulasekhara_male = { Kulasekhara KulacE_kara }
kulasekharan_male = { Kulasekharan KulacE_karan }
kulin_male = { Kulin }
kulothunga_male = { Kulothunga KulO_ttunka }
kunigunde_female = { Kunigunde Cunigunda Kunigunda }
kunwar_male = { Kunwar Kunwarpal }
kyriake_female = { Kyriake Kurake }
kyriakos_male = { Kyriakos Kuriakos }
laila_female = { Laila Layla Leyla Leila}
lakshmanadeva_male = { Lakshmanadeva Lakshmana }
lambert_male = { Lambert Lamberto Lembert }
landolf_male = { Landolf Landulf }
laurence_male = { Laurence Lars LaurE_nC_ Laurentios Laurentiu Laurentz Lauri Lorens LourenC_o Lourenzo Lorenzo LloriA_n Wawrzyniec }
lazarus_male = { Lazarus Lazaros Laszio Lazare Lazaro Lazarz Lazer }
lennon_male = { Lennon LennA_n }
leo_male = { Leo Leon Leone Lev Levan Levon Llew Lugh }
leontius_male = { Leontius Leontios }
leopold_male = { Leopold Liutbald Liutpold }
leovigoto_female = { Leovigoto Liuvigoto }
liutward_male = { Liutward Liudward }
llywarch_male = { Llywarch Loumarch }
lothair_male = { Lothair Hlothere Lot Lothaire Lothar Luder }
louis_male = { Louis Alois Clydog Lajos Lluis LoI_s Lodewijk LouI_s Loui LudvI_k Ludvig Ludwig Luis }
louise_female = { Louise LoI_sa }
lucia_female = { Lucia L_ucja LU_cia Lleuca Lucija LlU_cia }
ludolf_male = { Ludolf Liudolf Liudulf }
luke_male = { Luke Lukose Lucius Lles Lucian Lucio Lucjan Luki }
lupo_male = { Lupo Gurgen Liuppo Lop Lope Lopo Loup Lubb Lupus Vuk Llope Llop Liupolt }
lutbert_male = { Lutbert Liutbert Liutpert }
macabee_male = { Macabee Maccabee }
macbeth_male = { Macbethad Macbeth }
madron_male = { Madron Madrun Madryn Materiana Modron Matrona Madru }
maelgwn_male = { Maelgwn Maelcon Melgwn }
magdalena_female = { Magdalena Madalena Maddalena Magda Magdalene Magdolna }
magnus_male = { Magnus Megistos Magne }
magya_female = { Magya Magyal }
mahalia_female = { Mahalia Mahalie Mehalia }
mahendrapala_male = { Mahendrapala Mahendra Mahendrapal }
mahendravarman_male = { Mahendravarman MakE_ntiravarman }
mahipala_male = { Mahipala Mahipal }
mahmud_male = { Mahmud Mahamud MehmU_d }
makarius_male = { Makarius Makarios }
malcolm_male = { Malcolm MA_el-Coluim Maelchon Maelcwn }
maldoven_male = { Maldoven MA_el-Dubh }
maldred_male = { Maldred MA_el-Doraid }
malise_male = { Malise MA_el-I_osa }
malkhas_male = { Malkhas Malkhazi }
malmfrid_female = { Malmfrid MalmfriT_ }
malmure_female = { Malmure MA_el-Muire Maelmurie }
malsnectan_female = { Malsnectan MA_elSnechtai }
manasseh_male = { Manasseh ManassE_s }
manfred_male = { Manfred Matfre Menfrid }
mansur_male = { Mansur MensU_r }
manuchihr_male = { Manuchihr MenU_C_ihr }
manuel_male = { Manuel EmmanuE_l Emmanuele Manel Manuele }
manushihr_male = { Manushihr MenU_S_ihr }
maravarman_male = { Maravarman MA_ravarman }
marcella_female = { Marcella Marchell }
marcia_female = { Marcia Markia }
marcianus_male = { Marcianus Meirchion }
marcus_male = { Marcus MA_rk Marcas March Marchell Marco Marek Margh Margos Mark Marko Markos Markose Markus Morcar }
margaret_female = { Margaret MA_irgred Maisie Marared Margalida MargarE_ta Margareta Margarete Margarid Margarida Margarita Margherita Margred Margrete Margrethe Margrud Marguarite Marguerite Peigi }
maria_female = { Maria MA_ire MA_ria Maike Mair MarI_a Mareike Mari Mariam Marie Marija Mary Mara Maura Mariami Mariyam Miryem Mairi Mor MO_r Morag }
mariamma_female = { MariMA_tE_vatikal Mariamma }
marianus_male = { Marianus Marianos Meirion }
marine_female = { Marine Marina Marinha }
marius_male = { Marius Marian Mariano Marin Mario Marios }
marjory_female = { Marjory Marthoc }
markward_male = { Markward Marquard Markwart }
marquise_female = { Marquise Marquesa }
martha_female = { Martha MA_rta MAErta Marta Marthe Marfa Marte Marti Martita Morta }
martin_male = { Martin MA_rton Maertijn Marcin MartI_n Martila Marthin Martim Martino MartiN_o Martinho Merten Myrddin }
marwan_male = { Marwan Merwan }
marzuban_male = { Marzuban Merzuban }
mascarosa_female = { Mascarosa MascarO_sa Mascarose }
masud_male = { Masud MesU_d }
matad_male = { Matad Madog Matoc }
matilda_female = { Matilda Mafalda Mahaut Mathilde Matild Matylda Maud Mauda Mautild Mawd Mechthild Mathilda Mahalta Matilde }
matthew_male = { Matthew MA_tyA_s MaC_ko Maciej Mads Matej Mateusz Matfei Math Mathias Mathieu Maththias Matias Matija Matiya MatouS_ Mats Matta Matte Matteo Matthaios Matthias Matti Mateu Matheo }
mattea_female = { Mateja }
matej_ninoslav_male = { Matej_Ninoslav }
maurice_male = { Maurice Mauric Meurig }
mawgan_male = { Mawgan Meigant Meugan }
maximus_male = { Maximus Maximos Macsen }
mayor_female = { Mayor Maior }
mellitus = { Mellitus Melitus }
meirona_female = { Meirona Meiriona }
melisende_female = { Melisende ME_lisande ME_lisende MelisE_nda Melisant Melissa }
melor_male = { Melor Meglar Mylor }
menas_male = { Menas Mina }
mencia_female = { Mencia MencI_a Mentzia ME_cia }
mendo_male = { Mendo Mem Menendo Melendu }
mercurius_male = { Mercurius Merkourios }
merfyn_male = { Merfyn Mermin Merlin }
meriadoc_male = { Meriadoc Meiriadog Meriasek }
merryn_male = { Merryn Maruan }
michael_male = { Michael MichaE_l Michel Michele MihA_ly Mihail Mihajlo Mihangel Mikail Mikayel Mikhael Mikhail Mikheil Mikkel Mikko Miquel Mikha_il }
michaela_female = { Michaela MichaE_liko }
milisa_female = { Milisa }
milosz_male = { Milosz Milos }
milovan_male = { Milovan }
minver_male = { Minver Menefreda Minefrida Mynfreda }
miroslav_male = { Miroslav MirosL_aw }
miroslava_female = { Miroslava }
mirza_male = { Mirza MI_rza }
mithridates_male = { Mithridates Mihrdat }
mona_female = { Mona Moyna Muadhnait }
morad_male = { Morad Murad }
mordred_male = { Mordred Medrod Modred }
morfarch_male = { Morfarch Mormarch }
morgan_male = { Morgan Morcant Morgen Morien Muirgein }
morganna_female = { Morganna Morganne }
morna_female = { Morna Muirne }
moses_male = { Moses Mouses Musa }
mstislav_male = { Mstislav ML_cisL_aw MS_cisL_aw }
muhammad_male = { Muhammad Mahammad Mamlan Mihemed Mohammed Muhammed Mahamed }
mungo_male = { Mungo Mwyn }
munia_female = { Munia Monnia Munya Moninha MU_nia }
munio_male = { Munio Monio Monnio Muniu Muno }
murdoch_male = { Murdoch Maredudd Muiredach Murethach Meredith }
muriel_female = { Muriel Muirgel }
murron_female = { Murron Mirren Morien Moruen Muirenn }
mustafa_male = { Mustafa Mistefa }
nahir_male = { Nahir Nahor Nahur Nehor }
nanaydvar_male = { Nanaydvar Nanaithvar }
nanda_female = { Nanda Nande }
nandivarman_male = { Nandivarman Nantivarman }
narasimhavarman_male = { Narasimhavarman Naracimmavarman }
naravarman_male = { Naravarman Nar-Verma Naravarmandeva }
narses_male = { Narses Nerse Nerseh Nerses }
nasr_male = { Nasr Nesr }
natalia_female = { Natalia NatA_lia }
nathan_male = { Nathan Naiton Nechtan Neithon }
nawshirwan_male = { Nawshirwan NoS_I_rwan }
nazgol_female = { Nazgol Nazgul }
nazir_male = { Nazir Nesir }
nechirwan_male = { Nechirwan NE_C_I_rvan }
neulenna_female = { Neulenna Neulina Newlyna }
nicholas_male = { Nicholas Cailean Calum Claes Claus Colin ColmA_n Columb MikoL_aj MikolA_S_ MikulA_S_ Nicholaus Niclaes Nicolas Niels Niklas Nikola Nikolaos Nikolaus Nikolitza Nikoloz Nils }
nicola_female = { Nicola Nicolesa Nikolena Nika }
nicodemus_male = { Nicodemus Nikodim }
nigel_male = { Nigel Neil Niall }
ninoslav_male = { Ninoslav }
nirupatonkavarman_male = { Nirupatonkavarman Nirupatunkavarman }
nonna_female = { Nonna Non Nonne }
norbert_male = { Norbert Nordepert }
nowy_male = { Nowy Nougui }
nuno_male = { Nuno NuN_o Nunno NunO_ NuN_u }
nura_female = { Nura Nahara }
nuria_female = { Nuria NU_ria }
obeko_male = { Obeko Oveco }
octavius_male = { Octavius Eudaf }
odd_male = { Odd Oddr }
olaf_male = { Olaf AmlaI_b Anlaff Aulay Olafr Olav Olavi Oluf Onlaf }
oliver_male = { Oliver A_lbar A_lvar A_lvaro A_lvaru Alvar Oliuer Olivier }
olwen_female = { Olwen Uluen }
oneka_female = { Oneka Onecca Oneca Onega }
ordono_male = { Ordono OrdoN_o OrdoN_u Ordonho Ordonno }
orm_male = { Orm Ormr }
orvar_male = { Orvar O_rvar }
ostoja_male = { Ostoja }
osulf_male = { Osulf Oswulf }
oswald_male = { Oswald Oswallt Usuullt }
ottar_male = { Ottar Authari Ottarr }
otto_male = { Otto O_dO_n Ebles Eudes Eudon Luder-Udo Odo Odon Ota Othon Ott Otton Ottone Udo }
otwin_male = { Otwin Odoin }
pagan_male = { Pagan Payen }
pandaram_male = { Pandaram PantA_ram }
parakrama_male = { Parakrama ParA_kkirama }
parameswaravarman_male = { Parameswaravarman ParamE_svaravarman }
paranirupasingham_male = { Paranirupasingham Paranirupacinkam }
parankusan_male = { Parankusan ParA_nkucan }
parantaka_male = { Parantaka ParA_ntaka }
pararajasekharan_male = { Pararajasekharan PararA_cacE_karan }
parvaneh_female = { Parvaneh Perwane }
pascal_male = { Pascal Pasquale }
pascentius_male = { Pascentius Pasgen }
pashang_male = { Pashang PE_S_eng }
pasquitan_male = { Pasquitan Pascueten }
paternus_male = { Paternus Padarn Patern Pidarnoin }
patricia_female = { Patricia Patrikia Patrizia }
patrick_male = { Patrick PA_traic Padric Padrig Patrikios Patrizio Patryk Pedric Petroc }
paul_male = { Paul Boghos PA_l PAAl PO_l Paavo Paol Paulos Paulose Paulus Pavel Pavlos PaweL_ Pawl Pol Pavle }
paula_female = { Paula Paola }
paulina_female = { Paulina Pavlina }
pavica_female = { Pavica }
pelagius_male = { Pelagius Paio Pelagio Pelagios Pelaio Pelayo Pelayu }
peronella_female = { Peronella PE_ronelle Peironela PeironE_la Pernelle Pernilla }
peroz_male = { Peroz PI_roz }
peter_male = { Peter Bedros Boutros PE_ire PE_ter PE_r Pathrose Peder Pedr Pedro Pedru Pedur Pere Pero Petair Petar Petr Petre Petri Petro Petros Petrus Piarres Pierre Pieter Pietro Piotr Cephas Cephus }
petronilla_female = { Petronilla Petronilha Pieternelle Petra }
philip_male = { Philip Felip Felipe Ffilip Filip Filipe Filippo Filips FulO_p Philipp Philippe Philippos Pilib Piyliypaos Phillip Phelippe }
philippa_female = { Philippa Filipa Filippa }
plaisance_female = { Plaisance Plazentzia }
pons_male = { Pons PO_ncio PonC_ Ponce Ponz }
pourandokht_female = { Pourandokht Burandoxt }
pravara_male = { Pravara Pravare }
premysl_male = { PR_emysl PrzemysL_ PrzemysL_aw Premysl }
priboje_male = { Priboje }
prijezda_male = { Prijezda }
priscilla_female = { Priscilla Prisisilla }
pritampala_male = { Pritampala Pritampal }
prithviraja_male = { Prithviraja Prithivipala Prithvipal Prithviraj Prithvi }
procopius_male = { Procopius Prokop Prokopios }
ptolemy_male = { Ptolemy Ptolemee }
puviraja_male = { Puviraja PuvirA_ca }
rachel_female = { Rachel Raahelamma }
radgis_male = { Radgis Ratchis }
radic_male = { RadiC_ }
radislav_male = { Radislav }
radislava_female = { Radislava }
radivoj_male = { Radivoj }
ragnar_male = { Ragnar Ragnarr }
ragnfrid_female = { Ragnfrid RO_gnfriT_ }
ragnhild_female = { Ragnhild RO_gnhildr Ragnell Ronalda }
ragnvald_male = { Ragnvald RO_gnvaldr Ragnald Ronald }
radogost_male = { Radogost }
rahula_male = { Rahula Rahule }
rajadhiraja_male = { Rajadhiraja IrA_cA_tirA_ca }
rajaditya_male = { Rajaditya IrA_cA_titta }
rajaraja_male = { Rajaraja IrA_carA_ca }
rajasekhara_male = { Rajasekhara IrA_cA_cekara }
rajasingan_male = { Rajasingan IrA_cacimman }
rajendra_male = { Rajendra IrA_cE_ntira }
raka_male = { Raca }
ralph_male = { Ralph RE_dwulf Radke Radolf Radulf Radulfo Ralf Randolf Randolph Raolf Raoul Rodolf Rudolf Pandulf }
ramiro_male = { Ramiro Ramir Ramiru Ranimiro Remiro }
rampala_male = { Rampala Rampal }
ranadhiran_male = { Ranadhiran RanatI_ran }
ranaditya_male = { Ranaditya Ranatitta }
rangraja_male = { Rangraja Rangraj }
raphael_male = { Raphael Raziel }
rawwad_male = { Rawwad Revend }
raymond-Berengar_male = { Raymond-Berengar Raimond-BerenguiE_ Ramon-Berenguer }
raymond_male = { Raymond Erramun Raimond Raimondo Raimundo Rajmund Ramon RamO_n RemO_n }
rayner_male = { Rayner Reinier }
rebecca_female = { Rebecca Accamma }
recceswinth_male = { Reccesuinth Recceswinth Receswinth }
regina_female = { Regina Rhiainfelt Rioantguellt }
reginald_male = { Reginald RE_genweald Rainald Ranald Reginhard Reinhold Rheinallt Rainaut Raynaud Raynold Reinoud Renaud Rinaldo }
reinbern_male = { Reinbern Reginbern }
renard_male = { Renard Reineke Reinhard Renhard }
resa_female = { Resa }
reuben_male = { Reuben Roupen }
rhiannon_female = { Rhiannon Rioanon }
rhiwallon_male = { Rhiwallon Riuallon }
riacet_male = { Riacet Riaged }
ricarda_female = { Ricarda Ricciarda RichE_nda Richara Richardis Richenda }
ricenus_male = { Ricenus Rhigeneu Riceneu }
richard_male = { Richard Reccared Rekkaredo Rhicert Ricard Ricardo Ricart Riccardo Riku Ryszard }
rioantdrec_female = { Rioantdrec Rhiaindrech }
riwal_male = { Riwal Rhiwal }
robert_male = { Robert Hrodberht Rhobert RobE_rt Roberto Robrecht Roparth Roparz Rubert Ruprecht }
roderick_male = { Roderick Rhodri Rhydderch Roi Roderic Rodericho Rodric Rodrigo Rodrigu Rory RuaidrI_ Ruatirch Ruderik Rudri Rui Ruairi }
rodgand_male = { Rodgand Hrodgaud }
rodwald_male = { Rodwald Rodoald }
roger_male = { Roger Rogier Rudger Rudigar Rutger }
roland_male = { Roland Lachlan Rolland }
rolf_male = { Rolf Hrolfr HrO_lfr }
roman_male = { Roman RomA_n Rhufon Romanos Romanus Rumon }
ronan_male = { Ronan RO_nA_n Ruman }
ros_female = { Ros RO_is }
rosa_female = { Rosa RO_zsa }
rostam_male = { Rostam Rostan Rustam }
roy_male = { Roy Ruah }
rucenus_male = { Rucenus Rhun Roucen Ru }
ruffinus_male = { Ruffinus Grifiud Gruffydd Griffith }
rurik_male = { Rurik HrO_rekr RO_rek RO_rik }
saba_male = { Saba Sabah Sabba_e Sava }
saba_female = { Saba Sabah Sava }
sabrisho_male = { Sabrisho Sabr_Ishu }
sadayavarman_male = { Sadayavarman Cataiyavarman }
sadmarkar_female = { Sadmarkar Semarkar }
samanta_male = { Samanta Samant-Singh Samantasimha }
samarasimha_male = { Samarasimha Samar-Singh }
sami_female = { Sami Sameah Samee Sameea Samiya Samiyah Samiyya Samya }
sami_male = { Sami Samiy }
samuel_male = { Samuel SA_muel Samoeli Sawyl }
samund_male = { SA_mund SE_mundr }
sancha_female = { Sancha Antsa SanC_a }
sancho_male = { Sancho Antso SanC_ Sanchu Sans Sante Sanyo }
sanctus_male = { Sanctus Sandde }
sandalj_male = { Sandalj }
sanko_male = { Sanko }
sarah_female = { Sarah SA_ra Sara Saramma Sarra }
satinik_female = { Satinik Satenik }
sebastian_male = { Sebastian Bastian SebastiA_n Sebastiaen Sebastiano Sebastianos SebastiA_o }
seervallabha_male = { Seervallabha CI_vallapa }
seervallabhan_male = { Seervallabhan CI_vallapan }
segarajasekaran_male = { Segarajasekaran CekarA_cacE_karan }
segeric_male = { Segeric }
senara_female = { Senara Zennor }
sergius_male = { Sergius Sarkis Sergios Serigi }
serhilda_female = { Serhilda Serenahilt }
severin_male = { Severin Seferus }
sevilay_female = { Savilay Sevilay }
sevindik_female = { Savintik Sevindik }
shadhi_male = { Shadhi S_adI_ }
shahab_male = { Shahab S_ahab }
shahanshah_male = { Shahanshah S_ahenS_ah Shanshe }
shahan_male = { Shahan Shahen }
shahbaz_male = { Shahbaz S_ahbaz }
shahin_male = { Shahin S_ahin }
shahram_male = { Shahram S_ahram }
shahrokh_male = { Shahrokh S_ahrux Sharokh }
shahruz_male = { Shahruz S_ahruz }
shahryar_male = { Shahryar S_ahryar }
shapur_male = { Shapur S_apur }
sharwin_male = { Sharwin S_arvin }
shavur_male = { Shavur S_awur }
shaw_male = { Shaw SE_aghdha }
shayan_male = { Shayan S_ayan }
sheraga_male = { Sheraga Shraga }
shirkuh_male = { Shirkuh S_I_rkU_h }
sibislav_male = { Sibislav }
sibylla_female = { Sibylla Sibila Sibilia Sibilla Sibyl Sybilla Sybille Sibel }
sicco_male = { Sicco Sico Sikke }
siddhartha_male = { Siddhartha Siddharthe }
siegfried_male = { Siegfried Sigfrid }
sieghart_male = { Sieghart Sieghard}
sigisbert_male = { Sigisbert Sigbert }
sigmund_male = { Sigmund Siegmund Sigismond Sigismund Zikmund Zsigmond Zygmunt }
sigurd_male = { Sigurd SigurT_r Sigward Sikard Siward Siweard Sjoerd }
silvester_male = { Silvester Szilveszter }
simhavishnu_male = { Simhavishnu Cimmavisnu }
simon_male = { Simon Jimeno Simeon Simeoni Simion Simone Symeon Shem_on Ximeno }
singhabahu_male = { Singhabahu CinkapA_ku }
sisupala_male = { Sisupala Sisupal }
skule_male = { Skule Scule Skuli }
slaine_female = { Slaine SlA_I_ne }
smbat_male = { Smbat Sumbat }
sobeslaus_male = { Sobeslaus SobE_slav Sobiesalv Sobieslav }
solomon_male = { Solomon Salman Salomon Selevan Selyf SolomO_n Sulayman Suleyman }
solve_male = { SO_lve SO_lvi }
somerled_male = { Somerled Somhairle SumarliT_i }
sonpala_male = { Sonpala Sonpal }
sophia_female = { Sophia Z_ofie Sofia Sofie Sofija Sophie Zofia ZsO_fia Sohvi }
stanislav_male = { Stanislav StanisL_aw }
stana_female = { Stana }
starkad_male = { Starkad StarkaT_r }
sten_male = { Sten Steinn Steyn }
stephania_female = { Stephania EstefanI_a Estefania EstefA_nia Estevainha StE_phanie Stefana Stefania Stephanie }
stephen_male = { Stephen E_tienne Eappen EstE_banu Esteban EstE_ve Estevo EstE_vA_o Estienne Isteban IstvA_n Stefan Stefano Stefen Steffen Stepan Stjepan Stepanos Stepanoz Stephan Stephanos Steven Szczepan }
suero_male = { Suero Soeiro Sueiro Sueru }
sukhinpala_male = { Sukhinpala Sukhinpal }
sultanpala_male = { Sultanpala Sultanpal }
sundara_male = { Sundara Cuntara }
sune_male = { Sune Suni }
sunyer_male = { Sunyer Suneario }
surajpala_male = { Surajpala Surajpal }
surkhab_male = { Surkhab Surxap }
susan_female = { Susan Sosamma }
susana_female = { Susana Susanna Suzana Susanne }
svanhild_female = { Svanhild Svanhildr }
svatopluk_male = { Svatopluk S_wiE_topeL_k Sviatopolk }
sven_male = { Sven Soini Svein Sveinn Svend Swegn Sweeny Suibne Sweeney }
sviatoslav_male = { Sviatoslav S_wiE_tosL_aw Svietoslav }
swanahild_female = { Swanahild Suanhilde }
symmachus_male = { Symmachus Symmachos }
tabitha_female = { Tabitha Tabatha Tabby Tabetha }
tadg_male = { Tadg Tadhg Tarla Tegwyd Taig Teague }
tahmasb_male = { Tahmasb Tahmasp }
talia_male = { Talia Taliah Talya }
talorcan_male = { TalorcA_n Telurgan }
talore_male = { Talore Talorc Telurg }
tamar_female = { Tamar Tamari }
tancostyla_female = { Tancostyla Tanguistl Tangwystl }
tancredi_male = { Tancredi Tancred }
taran_male = { Taran Tuireann }
tavi_male = { Tavi Tavish }
teath_female = { Teath Etha Itha Tecla Tetha }
teber_male = { TA_bA_r Teber }
teimuraz_male = { Teimuraz Taymuraz }
tejasimha_male = { Tejasimha Tej-Singh }
tejpal_male = { Tejpal Tejapala }
telesinus_male = { Telesinus Taliesin }
teresa_female = { Teresa Taresa Talesa Tarexia TerE_sa Tereza Terezia Thresiamma }
thaddeus_male = { Thaddeus Taddai Thadeosi Thiaddi Addai }
thecla_female = { Thecla Tegla Tekla }
theobald_male = { Theobald Teobald Teobaldo Tetbald ThiE_baut Thiadbold Thibault Tibaldo Tibalt Tibaud Tibault Tybalt }
theodat_male = { Theodat BoZ_ydar Bozidar Dat Deodat Fedot Theodote Theodotos }
theoderic_male = { Theoderic Theoderich }
theodora_female = { Theodora Feodora Teodora }
theodore_male = { Theodore Feodor Tadeusz Tadros Teodor Teudar Teudur Tewdwr TheodO_ros Theodoros Thoros }
theodoric_male = { Theodoric Teudaric Teudric Tewdrig T_iudareiks Theodoricho Thierry DE_tR_ich Diederick Diederik Dietrich Dirk Dytryk Theodorich Theuderic Thiudareiks TiE_rri Tudor }
theodosia_female = { Theodosia Feodosia }
theodosius_male = { Theodosius Tewdos Theodosios }
theophanus_male = { Theophanus Tifan }
theudisclus_male = { Theudisclus Thiudigisclus }
thomas_male = { Thomas TamA_s Thoma Tohmas TomA_s Tomas Tomasz Tomo Tomos Touma Toumas Tovmas Tam Tam_as Ta_mhas Th_amhais }
thomasa_female = { Thomasa Tam Tamasin Tami Tammy Tamsin Tamsyn Tamzin }
thor_male = { Thor Donar }
thora_female = { Thora T_ora Tora }
thordis_female = { Thordis T_ordis }
thorolf_male = { Thorolf T_orolfr Torolf }
thyra_female = { Thyra T_yra }
tiberius_male = { Tiberius Tiberios }
tiburge_female = { Tiburge Thetburga Tiborg Tibourge }
timothy_male = { Timothy Dimetheos Thimo }
timur_male = { TimE_r Timur }
tisemir_male = { TI_semir Tihomir }
toghrul_male = { ToghrI_l Toghrul }
torbjorn_male = { TorbjO_rn T_orbjO_rn TorbjOErn }
torbrand_male = { Torbrand T_orbrandr }
tord_male = { Tord T_ordr }
torfinn_male = { Torfinn T_orfinn }
torkel_male = { Torkel T_orgil Thurcytel Torgil Torgils Torquil }
tornik_male = { Tornik Tornike }
torsten_male = { Torsten T_orsteinn Torstein }
toste_male = { Toste Tostig }
trajan_male = { Trajan Traianos }
tristan_male = { Tristan Drosten Drystan }
tvrtko_male = { Tvrtko }
tuathal_male = { Tuathal TU_athal Tudwal Tugdual }
tudwallon_male = { Tudwallon Tuduallon }
tudy_male = { Tudy Tudi }
udaya_male = { Udaya Utaiya }
uffe_male = { Uffe Offa }
uhtred_male = { Uhtred UhtrE_d }
ulf_male = { Ulf Ulfo Ulfr Ulv Wulf Wulff Welf }
ulfhild_female = { Ulfhild Wulfhild Wulfhilde }
ulrich_male = { Ulrich OldR_ich Udalrich }
ulvhilde_female = { Ulvhilde Ulfhildr }
una_female = { Una U_na }
urban_male = { Urban Erb Erbin Erpin Irb Urbien }
urbgenius_male = { Urbgenius Urbcen Urien }
urraca_female = { Urraca Urraka }
ursus_male = { Ursus Orson }
ute_female = { Ute Oda Uta }
vaclav_2_male = { VA_clav VE_nceslav WaN_ko WacL_aw }
vaclav_male = { Vaclav Vencel Wenzel }
vairisimha_male = { Vairisimha Vairsingh }
vakhtank_male = { Vakhtank Vakhtang }
vakpati_male = { Vakpati Vakapati Vakpatiraja }
valentin_male = { Valentin Ualan Valentino Walan Walenty }
valerius_male = { Valerius Valerios }
valhanadeva_male = { Valhanadeva Valhana }
varagunan_male = { Varagunan Varakunan }
varagunavarman_male = { Varagunavarman Varakunavarman }
varshapala_male = { Varshapala Varshpal }
varshasb_male = { Varshasb VarS_asp }
vasco_male = { Vasco Balashk Belasko Blasco Velasco Velascu }
veep_female = { Veep Vepa }
vermudo_male = { Vermudo Bermond Bermudo Bermudu Veremondo Veremundo }
victor_male = { Victor Biktor Uther Uthyr Viktor Wecta }
vidurathpala_male = { Vidurathpala Vidurathpal }
vigraharaja_male = { Vigraharaja Vigrharaja }
vijayaditya_male = { Vijayaditya VicayA_titta }
vijayalaya_male = { Vijayalaya VicayA_laya }
vijayaraga_male = { Vijayaraga VicayA_raka }
vikramaditya_male = { Vikramaditya VikramA_tittA_ }
vincent_male = { Vincent C_enE_k VicenC_ Vicente Vincenne Vincenzo Wincenty }
virabhadra_male = { Virabhadra Kwirapabhadra }
virakhesari_male = { Virakhesari VI_rakE_cari }
virarajendra_male = { Virarajendra VI_rarA_cE_ntira }
virasekhara_male = { Virasekhara VI_racE_kara }
viriathius_male = { Viriathius Guriant Gwriad }
virodaya_male = { Virodaya VI_rO_taya }
vishtasb_male = { Vishtasb VI_S_tap }
vitaca_female = { VitaC_a }
vitalinus_male = { Vitalinus Gwydolin }
vitalis_male = { Vitalis Guitol Gwydol }
vladimir_male = { Vladimir Valdemar VladimI_r Waldemar }
vladislav_male = { Vladislav WL_adysL_aw WL_odzisL_aw }
vlatko_male = { Vlatko }
vojaca_female = { VojaC_a }
vojislava_female = { Vojislava }
vortigern_male = { Vortigern Gurthiern Gwerthern Vortegyn }
vortimer_male = { Vortimer Gwerthefyr }
vratislav_male = { Vratislav Wertislav WratysL_aw }
vsebor_male = { VS_ebor WszebO_r Vsebor }
vukac_male = { Vukac }
vukasin_male = {VukaS_in }
vukmir_male = { Vukmir }
wahustan_male = { Wahustan Vahusdan }
walter_male = { Walter BhA_tair Gauthier Gautier Gualter Guterre Gutierre Guttier Ualtar Valteri Walthari Walther Wolter }
waltheof_male = { Waltheof Waldeve }
weickhard_male = { Weickhard Weichart }
werestan_male = { Werestan Gwerstan }
werner_male = { Werner Irnerius Warin Werneke }
wilfred_male = { Wilfred GuifrE_ Wifredo }
william_male = { William Gilen GuilhE_m Guilhem Guilherm GuillE_n Guillerme Guillaume Guillem Guillermo Gwilym Liam Uilliam VilE_m Vilhelm Wilhelm Willem }
williamette_female = { Williamette Guillaumette Guillelma Guillemecte }
winaloe_male = { Winaloe Guinol }
winifred_female = { Winifred Gwenfrewi }
withred_male = { Withred WihtrE_d }
wolfram_male = { Wolfram Vulframn }
xemraja_male = { Xemraja Kshemraja }
ximena_female = { Ximena Jimena }
yazid_male = { Yazid YezI_d }
yeghishe_male = { Yeghishe Yeghise }
yolanda_female = { Yolanda Ioulanda Jolanta Valence Viola Violant Violante Violent Violeta Yolande }
yuddamalla_male = { Yuddamalla Yuddhamalla }
yves_male = { Yves Erouan }
yvonne_female = { Yvonne Erouana Yvon }
zachary_male = { Zachary Zacharias Zakariyah Zachariah Zacharria }
zartosht_male = { Zartosht ZerdeS_t }
zbynek_male = { ZbynE_k Zbigniew Zbyszko Zbynek }
zosimus_male = { Zosimus Zosima }
zeta_female = { Zeta Zeita }
zeya_male = { Zeya Zeyar }
zubeyr_male = { Zubeyr Zuber }
